no_exercise,diabetes,obesity,few_fruit_veg,smoker,high_blood_pres,poverty,population_size,chsi_state_name,all_death
27.8,14.2,24.5,78.6,26.6,29.1,10.4,48612,Alabama,1041.5
27.2,7.2,23.6,76.2,24.6,30.5,10.2,162586,Alabama,856.9
29.2,11.2,27.0,81.9,25.5,33.2,16.4,112141,Alabama,1100.3
30.3,6.0,31.2,82.8,30.0,26.5,14.9,41744,Alabama,1040.4
29.4,10.0,22.2,76.2,27.6,35.0,13.3,79886,Alabama,1028.7
37.0,7.8,24.3,80.7,19.1,35.3,15.1,67271,Alabama,960.6
27.7,5.5,24.8,85.0,22.6,23.0,12.5,73937,Alabama,946.9
34.1,10.2,27.1,81.4,31.5,38.2,15.7,103189,Alabama,1091.5
32.9,8.8,29.5,77.7,25.0,34.0,15.3,94249,Alabama,905.0
34.0,6.1,29.4,82.3,37.0,29.2,14.5,53650,Alabama,1027.6
29.0,9.7,27.1,79.1,23.4,31.9,14.4,657229,Alabama,1034.5
25.8,6.7,23.8,77.1,21.1,34.7,15.6,87691,Alabama,910.9
25.9,7.8,21.7,74.9,27.1,24.5,15.1,123254,Alabama,983.4
22.9,6.5,23.1,75.6,21.3,24.9,10.9,298192,Alabama,905.8
34.8,7.2,27.5,82.1,31.6,36.8,15.2,85634,Alabama,1066.2
30.8,6.6,26.6,76.2,25.1,27.2,18.5,401427,Alabama,1030.7
28.2,8.5,23.9,75.6,20.7,27.8,18.0,221619,Alabama,974.0
23.4,6.7,22.5,74.5,28.9,32.7,13.2,113740,Alabama,968.7
28.2,13.0,27.6,79.7,28.5,39.0,13.1,72330,Alabama,1059.4
18.9,4.8,20.8,78.3,21.0,26.7,6.9,171465,Alabama,923.4
34.1,10.9,32.7,79.1,24.1,42.2,16.8,80457,Alabama,1090.6
27.1,7.9,25.3,79.0,23.8,29.7,16.5,168908,Alabama,1026.2
34.9,11.5,30.5,79.3,33.8,35.0,14.8,70117,Alabama,1191.7
22.6,7.5,24.6,64.6,14.3,18.4,27.5,69343,Arizona,943.8
22.8,9.1,23.8,72.7,20.2,26.0,16.3,126106,Arizona,844.0
14.8,4.2,16.5,71.0,19.6,17.2,15.6,123866,Arizona,764.8
32.7,8.8,24.5,74.2,25.6,34.5,17.1,51663,Arizona,922.9
25.8,10.9,23.8,79.4,16.1,24.9,20.5,33073,Arizona,868.2
23.3,6.3,19.9,74.7,19.9,21.4,12.8,3635528,Arizona,780.8
27.9,7.5,25.0,77.6,29.4,30.6,14.9,187200,Arizona,970.8
23.7,8.8,25.1,75.4,19.8,27.1,21.4,108432,Arizona,911.7
20.9,6.6,19.7,70.7,18.7,23.8,14.3,924786,Arizona,809.0
26.9,10.6,26.7,73.8,21.8,28.3,14.6,229549,Arizona,795.2
36.9,7.0,20.0,66.8,18.1,20.4,19.2,42009,Arizona,662.7
23.4,5.7,16.0,69.3,21.9,28.5,12.0,198701,Arizona,778.8
26.7,9.2,25.7,73.5,16.2,26.8,18.0,181277,Arizona,608.9
35.0,7.7,30.2,88.8,29.7,28.9,17.8,23178,Arkansas,1076.7
24.9,10.2,22.7,71.9,25.4,33.8,13.7,40330,Arkansas,897.6
22.3,5.8,21.5,77.4,21.4,25.4,10.0,186938,Arkansas,776.9
31.4,6.7,23.7,77.9,25.1,30.4,15.3,35793,Arkansas,896.3
30.0,6.3,20.8,75.0,16.2,27.3,17.2,22916,Arkansas,975.4
29.4,8.6,25.1,72.7,21.9,34.5,14.4,25391,Arkansas,869.0
29.9,4.9,26.5,87.2,32.2,32.7,16.5,20739,Arkansas,949.3
29.9,6.2,29.1,77.7,25.1,27.3,15.9,86735,Arkansas,997.6
27.5,5.8,21.1,82.6,27.5,27.5,14.2,57630,Arkansas,1027.5
29.1,11.5,30.0,83.0,25.0,33.6,22.5,51882,Arkansas,1241.2
24.4,4.8,23.6,78.6,19.8,22.9,12.8,97147,Arkansas,894.9
28.7,4.7,27.4,85.3,31.7,17.5,16.4,18218,Arkansas,935.0
25.0,8.0,22.3,76.0,28.3,33.3,16.0,93551,Arkansas,975.6
31.7,9.9,29.5,82.5,31.7,34.8,15.4,39401,Arkansas,1006.3
32.2,9.3,28.1,79.4,22.1,35.5,15.0,31264,Arkansas,921.6
30.8,7.2,26.9,78.8,26.0,31.6,14.9,34737,Arkansas,997.2
29.1,9.8,27.4,81.8,23.3,34.0,20.9,81700,Arkansas,1040.7
27.8,6.3,23.2,81.5,29.5,21.1,10.8,60658,Arkansas,977.4
30.3,8.3,23.1,76.4,28.4,26.1,17.1,16735,Arkansas,807.3
34.0,9.7,31.0,80.5,28.1,27.5,17.8,43162,Arkansas,882.3
42.5,7.0,29.3,81.6,28.5,33.0,22.3,47911,Arkansas,1205.4
33.4,6.6,27.6,80.7,22.6,37.0,18.6,27102,Arkansas,1090.3
30.2,7.9,24.8,74.5,21.9,32.4,19.1,20176,Arkansas,988.0
23.2,6.5,28.4,81.2,26.6,29.8,16.5,56580,Arkansas,912.8
23.6,6.7,22.3,76.1,21.0,28.9,15.1,366463,Arkansas,952.5
23.7,7.5,24.2,77.9,23.5,24.1,9.4,91188,Arkansas,907.9
28.0,7.1,26.4,75.8,20.5,32.1,15.4,118750,Arkansas,927.0
42.4,8.2,25.1,79.1,26.1,19.3,17.8,16456,Arkansas,1023.1
30.0,9.1,27.0,80.3,25.8,28.4,17.7,44186,Arkansas,1036.4
21.9,5.5,18.6,77.6,21.4,24.6,13.8,180357,Arkansas,902.1
30.2,8.7,24.1,80.5,24.2,25.4,15.5,71332,Arkansas,964.0
31.6,8.9,25.5,81.0,27.9,21.0,15.6,21391,Arkansas,991.8
20.7,5.3,18.4,69.3,15.6,21.4,10.7,1448905,California,751.0
25.8,4.3,23.7,78.8,17.0,26.7,15.8,214185,California,878.8
21.0,5.4,21.6,72.8,14.2,23.7,7.5,1017787,California,737.8
14.2,4.8,24.0,67.8,14.9,20.4,7.5,176841,California,758.8
25.8,7.4,27.7,74.3,14.6,25.1,20.6,877584,California,836.8
30.4,9.0,26.5,76.3,21.4,27.5,18.2,756825,California,972.6
27.3,6.7,21.3,71.6,16.7,24.2,17.7,9935475,California,747.3
8.3,2.8,9.9,66.0,12.0,23.0,7.3,246960,California,636.5
30.4,4.7,24.4,72.2,17.0,20.7,13.7,412104,California,713.5
18.5,4.2,17.7,74.3,14.4,20.0,10.6,2988072,California,687.3
11.3,5.7,17.3,68.6,15.0,21.1,5.9,317028,California,719.9
28.0,6.8,23.4,72.2,16.3,24.9,12.3,1946419,California,805.7
18.4,6.4,20.8,73.3,17.2,25.3,13.7,1363482,California,821.6
28.6,7.8,25.7,77.2,17.8,26.4,16.0,1963535,California,916.2
22.5,5.6,20.3,73.2,14.6,24.7,11.6,2933462,California,746.8
21.8,3.7,10.5,69.3,17.8,20.8,12.0,739426,California,723.6
27.6,6.4,25.0,67.5,16.9,28.8,14.7,664116,California,874.1
14.2,5.5,19.1,75.9,12.6,24.9,11.1,255478,California,708.5
18.8,4.2,14.4,71.0,16.8,21.6,6.8,699610,California,641.6
20.4,5.7,17.4,71.5,12.9,28.5,13.1,400762,California,686.2
18.4,5.9,17.4,71.4,10.9,22.6,8.8,1699052,California,634.4
16.8,6.9,17.9,64.9,11.3,17.7,11.3,249666,California,736.3
12.5,5.6,23.2,73.1,22.9,27.6,13.4,179904,California,914.2
18.6,6.4,20.9,72.0,17.2,21.9,8.4,411593,California,792.1
18.2,6.3,20.7,72.5,16.6,17.1,8.8,466477,California,769.6
28.2,10.0,25.4,74.6,18.7,24.6,14.2,505505,California,907.4
34.9,9.7,24.9,73.3,18.6,22.4,21.5,410874,California,878.7
21.5,7.0,19.5,72.9,16.1,27.7,9.8,796106,California,712.8
25.0,6.6,22.2,78.1,24.1,22.0,10.5,399426,Colorado,941.9
19.3,5.5,18.2,83.9,17.5,19.0,18.4,15282,Colorado,983.4
17.6,5.1,17.2,77.1,19.9,19.9,7.9,529090,Colorado,757.2
10.3,3.8,10.9,69.3,14.3,16.8,9.5,280440,Colorado,729.0
24.5,7.4,17.8,75.8,21.8,26.9,13.2,29947,Colorado,792.7
22.8,5.2,16.2,76.1,21.1,20.8,15.1,557917,Colorado,854.2
11.4,4.0,11.4,77.7,8.9,15.6,2.2,249416,Colorado,684.1
15.0,0.5,13.8,71.9,14.2,15.5,6.4,47530,Colorado,476.6
17.1,4.0,18.0,78.1,20.2,18.9,10.4,565582,Colorado,820.5
20.9,4.8,15.1,79.3,25.6,23.5,14.0,47766,Colorado,915.6
8.7,5.5,11.6,70.2,20.1,20.4,8.5,49810,Colorado,842.6
13.9,4.1,14.2,74.9,20.0,20.8,6.8,526801,Colorado,763.8
12.1,1.4,8.7,67.8,20.9,16.5,10.6,47452,Colorado,691.5
13.6,3.5,12.8,75.8,20.7,18.4,9.3,271927,Colorado,730.5
25.7,6.2,25.3,81.0,31.6,22.6,12.8,20719,Colorado,811.7
17.9,3.9,18.3,76.8,20.4,24.1,11.1,129872,Colorado,832.0
28.6,4.2,18.0,76.8,21.4,21.3,12.3,37482,Colorado,776.8
34.4,4.2,25.6,77.4,24.4,21.9,12.8,27995,Colorado,836.3
22.7,9.0,22.6,78.8,24.2,28.8,15.2,151322,Colorado,880.1
24.5,4.8,22.0,78.4,17.7,20.3,10.3,228943,Colorado,811.6
20.6,5.1,16.3,70.3,16.4,24.0,7.3,902775,Connecticut,705.3
21.1,6.3,19.2,70.6,18.3,25.2,9.2,877393,Connecticut,753.4
19.4,5.8,17.7,69.2,18.2,23.7,5.5,190071,Connecticut,736.8
18.0,5.2,18.8,73.5,18.3,25.2,5.1,163214,Connecticut,725.8
25.4,7.3,21.0,70.5,20.1,25.4,9.4,846766,Connecticut,765.0
20.3,6.6,19.3,72.0,21.3,25.3,6.6,266618,Connecticut,818.6
17.8,4.2,18.7,73.3,18.7,20.2,5.3,147634,Connecticut,711.4
24.9,7.4,23.5,71.2,24.2,29.8,8.1,115826,Connecticut,904.5
26.9,8.5,25.2,80.4,24.6,28.6,10.6,143968,Delaware,907.6
23.0,6.6,20.5,78.2,22.1,25.8,8.2,523008,Delaware,857.3
27.9,8.9,24.5,78.9,24.7,32.5,10.0,176548,Delaware,837.8
22.2,7.8,21.3,68.1,20.4,26.7,17.5,550521,District of Columbia,1024.9
23.3,7.1,17.5,73.7,22.0,23.1,16.1,223852,Florida,892.0
23.7,6.9,20.5,76.6,24.7,22.4,12.8,161558,Florida,961.1
23.7,8.8,20.3,76.4,27.8,31.5,10.1,531250,Florida,796.5
25.8,7.1,18.8,70.3,18.4,24.8,12.5,1777638,Florida,748.2
22.9,9.1,23.1,73.2,19.9,37.6,9.3,157536,Florida,680.0
28.7,11.6,17.6,71.9,21.8,38.9,12.4,134370,Florida,873.7
21.4,7.9,20.6,75.6,28.9,21.8,7.4,171095,Florida,978.0
21.3,8.4,19.8,73.4,17.6,29.0,9.6,307242,Florida,581.9
24.2,6.5,24.4,77.6,21.0,29.4,12.8,826436,Florida,992.8
27.9,8.4,27.0,72.7,26.5,33.3,15.7,296772,Florida,952.9
21.8,9.7,14.1,65.6,19.5,34.3,8.2,76410,Florida,726.1
29.9,10.3,21.5,71.5,24.3,26.3,12.1,158409,Florida,878.8
28.2,9.6,20.7,72.4,21.0,42.7,13.9,95496,Florida,733.8
25.5,8.0,21.9,77.1,24.1,22.8,13.0,1132152,Florida,893.0
19.7,7.4,19.0,71.1,22.3,28.0,10.0,128594,Florida,712.0
23.0,7.8,21.4,72.2,24.4,34.4,10.2,277035,Florida,772.5
27.4,9.8,18.7,75.8,26.6,30.9,10.2,544758,Florida,709.7
20.6,4.6,16.2,77.4,20.1,19.6,14.0,245756,Florida,897.5
26.9,8.2,18.4,69.7,21.5,31.1,10.8,306779,Florida,729.2
26.1,9.4,23.7,76.1,25.2,35.0,14.0,303442,Florida,863.1
24.2,6.4,13.9,74.5,22.1,26.4,9.2,139728,Florida,673.2
34.6,8.1,19.0,79.0,17.6,24.2,18.9,2376014,Florida,761.6
21.2,7.2,20.0,73.1,26.4,26.3,10.2,76329,Florida,818.3
19.3,7.6,20.7,73.3,22.0,28.5,9.9,182172,Florida,925.8
25.9,7.2,19.5,78.3,19.8,23.6,13.2,1023023,Florida,861.6
29.0,7.3,22.2,77.6,23.0,19.7,13.1,231578,Florida,834.5
23.4,7.8,18.3,69.9,20.1,27.8,10.9,1268548,Florida,694.4
24.9,8.1,23.1,76.3,23.6,34.8,11.9,429065,Florida,837.1
24.2,8.5,19.0,72.0,22.5,28.4,12.1,928032,Florida,823.3
32.9,9.2,27.9,75.2,22.2,29.2,14.0,542912,Florida,832.5
29.6,11.6,30.5,80.9,27.0,32.4,18.7,73568,Florida,1037.2
22.2,6.4,16.8,76.4,20.1,27.3,8.1,161525,Florida,759.3
25.0,10.4,23.0,76.2,28.3,34.7,12.9,241305,Florida,788.3
24.6,4.8,19.3,75.6,27.3,24.6,10.0,143105,Florida,875.9
21.6,6.4,18.0,72.7,20.0,28.5,8.4,366256,Florida,668.7
19.4,6.3,16.3,78.9,23.3,24.8,9.1,401619,Florida,840.7
27.2,9.2,21.9,75.3,29.1,31.0,12.2,490055,Florida,851.2
28.9,8.8,19.5,74.8,25.2,32.2,13.4,50324,Florida,930.6
30.6,8.9,25.1,78.3,32.7,29.9,10.1,59954,Georgia,1007.6
26.0,10.2,30.8,79.5,29.3,27.7,10.9,89229,Georgia,1037.7
29.0,10.6,23.9,76.3,25.0,28.8,18.9,154918,Georgia,1072.3
24.8,4.7,21.5,79.3,29.9,15.7,10.0,28549,Georgia,987.7
24.9,7.9,26.4,80.2,22.3,27.8,18.9,61454,Georgia,933.9
17.5,5.9,29.4,77.3,27.2,21.3,10.8,45759,Georgia,880.7
26.2,9.2,21.3,75.6,20.9,26.1,16.8,238410,Georgia,967.7
19.0,6.9,19.5,76.6,21.0,21.1,6.4,184211,Georgia,924.2
23.8,6.6,25.0,73.5,16.7,24.1,18.7,104439,Georgia,914.7
26.8,5.8,26.0,82.1,23.6,27.0,13.9,267966,Georgia,939.0
17.2,5.8,19.5,73.9,16.5,23.6,9.6,663818,Georgia,827.5
41.1,9.6,35.2,84.1,27.1,35.6,19.1,39674,Georgia,1043.0
20.7,5.7,20.6,77.3,19.7,21.1,6.8,103812,Georgia,838.3
28.0,8.0,24.7,74.3,18.9,23.9,9.4,109903,Georgia,973.1
22.7,5.3,21.7,72.8,16.4,22.4,13.2,677959,Georgia,802.8
33.4,13.0,30.1,82.8,23.9,31.6,18.1,19574,Georgia,1101.2
34.4,9.7,26.6,81.4,24.1,32.3,21.6,94882,Georgia,985.3
23.8,7.3,24.8,85.6,20.2,17.9,10.0,112760,Georgia,1016.2
32.1,11.5,26.8,80.4,25.6,21.3,9.9,46924,Georgia,990.4
30.1,11.1,30.3,79.2,22.6,34.4,15.0,94198,Georgia,1013.5
16.3,3.7,16.2,73.3,17.6,20.3,5.7,140393,Georgia,898.5
21.0,5.0,21.3,74.0,16.8,22.5,16.2,915623,Georgia,942.8
24.2,11.0,27.8,73.4,23.5,23.4,14.9,71874,Georgia,929.3
22.7,5.5,19.2,76.3,19.8,20.2,8.2,726273,Georgia,837.6
31.2,6.5,20.8,74.5,25.0,26.6,12.1,39603,Georgia,898.6
28.2,7.9,24.8,75.7,20.9,27.4,12.0,165771,Georgia,930.5
19.5,7.5,25.8,79.1,21.6,20.4,6.6,167848,Georgia,938.5
21.7,9.7,24.0,81.2,25.0,33.3,11.3,126163,Georgia,977.4
28.7,7.3,22.1,80.1,21.7,27.3,12.2,52292,Georgia,1039.9
31.3,8.4,28.8,82.5,22.3,32.4,17.6,46896,Georgia,979.7
18.3,6.4,19.1,82.3,22.2,17.9,9.1,31099,Georgia,809.3
24.8,4.2,26.3,77.3,36.9,19.7,15.1,57544,Georgia,1064.2
27.7,9.6,24.0,76.6,24.1,33.0,17.7,96705,Georgia,1028.9
25.3,6.7,25.1,78.2,22.1,32.2,16.8,185271,Georgia,1071.7
24.8,5.3,15.6,75.4,16.5,18.0,7.1,29748,Georgia,801.6
28.7,6.6,23.1,78.3,27.6,22.1,6.8,112411,Georgia,983.1
30.6,9.3,27.7,77.8,27.3,28.7,18.6,195769,Georgia,1129.7
33.3,9.7,30.3,79.8,17.5,28.8,18.1,40793,Georgia,968.7
30.6,8.2,26.0,83.1,30.5,28.1,14.1,63890,Georgia,1088.5
26.4,6.0,27.0,76.8,25.9,26.1,10.6,75647,Georgia,948.7
36.2,13.1,33.7,71.1,25.4,34.9,18.9,34492,Georgia,1031.6
32.8,8.0,24.6,77.3,32.0,28.3,12.1,90889,Georgia,994.2
20.2,6.8,19.6,75.9,21.1,23.9,13.1,167293,Hawaii,752.9
19.0,6.9,17.8,77.1,18.0,23.9,10.5,905266,Hawaii,628.9
17.3,7.0,17.4,77.0,20.7,26.2,10.5,62640,Hawaii,661.6
19.9,5.9,17.7,75.0,20.8,21.4,10.2,139884,Hawaii,646.6
15.5,5.1,18.5,77.0,18.1,21.6,9.3,344727,Idaho,750.2
17.5,7.0,23.7,80.0,18.0,22.1,13.5,78155,Idaho,905.3
26.0,7.1,24.7,79.3,18.2,27.8,11.2,6176,Idaho,878.4
24.8,6.0,28.3,81.6,27.8,30.7,12.9,9218,Idaho,961.5
22.9,8.2,25.8,78.4,16.6,23.1,12.9,43739,Idaho,823.4
11.2,1.9,9.7,69.3,13.9,20.3,6.3,21166,Idaho,615.4
20.2,5.6,19.1,76.6,22.2,28.8,13.4,40908,Idaho,847.5
18.4,7.1,21.1,81.1,15.5,21.4,11.6,91856,Idaho,847.1
21.2,4.9,20.0,76.8,22.4,18.3,13.8,10619,Idaho,851.6
22.7,7.5,23.9,80.3,20.0,21.6,13.5,164593,Idaho,774.6
24.5,9.7,22.5,78.5,17.8,22.0,10.0,7131,Idaho,794.4
24.6,6.6,21.5,76.0,17.5,21.1,14.6,21324,Idaho,795.4
21.3,8.5,22.5,77.4,24.2,35.3,12.8,8373,Idaho,868.3
21.8,4.5,26.7,81.1,23.9,29.1,11.7,28634,Idaho,876.5
19.8,5.3,17.7,82.8,9.2,18.3,9.7,12371,Idaho,825.4
24.1,7.7,19.8,81.9,16.7,29.6,13.2,12242,Idaho,814.1
23.4,8.6,26.0,77.4,25.2,30.0,11.8,16273,Idaho,880.5
29.7,8.6,26.0,82.1,22.5,31.9,11.7,14461,Idaho,825.2
26.3,4.9,20.1,75.8,18.2,28.9,15.0,15697,Idaho,795.5
24.0,7.5,25.0,80.8,10.8,24.1,11.0,21580,Idaho,838.7
27.3,7.7,22.3,78.4,25.1,23.3,12.9,19638,Idaho,832.7
18.1,6.2,20.9,79.0,20.9,22.8,10.4,127668,Idaho,774.4
13.5,4.0,16.5,77.6,14.3,19.6,14.0,34714,Idaho,719.3
20.8,6.5,22.6,73.5,25.2,23.8,13.4,7909,Idaho,894.5
16.1,3.2,19.3,78.8,3.6,13.3,15.5,30975,Idaho,753.7
26.6,5.3,25.9,79.7,16.9,25.1,13.3,19014,Idaho,861.3
21.3,7.2,24.6,78.2,22.9,28.7,11.8,37931,Idaho,850.7
34.1,3.9,29.4,84.9,26.6,33.2,16.2,11073,Idaho,804.8
23.7,8.2,26.7,78.3,23.0,34.5,13.4,22197,Idaho,863.3
26.3,5.7,28.7,74.7,17.3,25.6,14.5,7753,Idaho,809.0
24.3,7.8,26.0,81.2,24.3,37.4,16.6,13157,Idaho,1003.6
10.2,5.3,17.8,74.4,12.1,16.5,9.0,7467,Idaho,805.1
24.2,5.7,21.8,77.1,22.9,27.5,12.7,69419,Idaho,820.3
27.7,8.4,29.0,75.7,22.0,28.5,13.8,10098,Idaho,857.9
29.0,7.8,26.3,77.5,21.6,26.1,11.2,67040,Illinois,870.5
22.4,5.8,19.0,70.9,20.3,21.1,12.6,184905,Illinois,799.8
27.8,7.1,22.0,76.8,21.4,23.0,14.5,5303683,Illinois,868.8
20.4,5.0,23.5,79.4,21.6,19.3,9.3,97665,Illinois,806.2
21.7,5.2,17.4,71.5,18.9,19.5,5.9,929113,Illinois,721.6
23.9,6.2,20.7,81.2,20.8,15.7,8.3,50591,Illinois,811.4
26.9,5.6,22.6,81.5,17.9,20.4,7.4,482113,Illinois,799.7
22.5,7.5,28.1,75.2,22.1,25.4,11.3,107972,Illinois,1016.4
22.7,9.7,22.4,76.6,24.8,26.2,12.7,53309,Illinois,910.5
20.9,5.3,20.8,74.9,19.6,22.1,6.9,702682,Illinois,785.1
27.9,8.2,24.1,72.2,29.0,29.1,10.2,112604,Illinois,854.9
21.1,4.9,21.3,73.0,22.3,19.1,4.5,303990,Illinois,806.0
19.4,6.1,20.9,79.2,19.4,19.0,9.4,159013,Illinois,834.3
25.7,8.4,23.7,75.3,29.2,24.2,13.5,110167,Illinois,866.7
24.3,7.1,28.0,77.8,24.7,23.6,10.6,264309,Illinois,911.1
20.0,7.9,27.2,80.6,23.4,24.1,8.0,54290,Illinois,823.2
28.7,7.4,24.1,84.8,24.1,23.5,13.4,182328,Illinois,853.6
24.3,8.5,26.1,76.1,25.5,27.9,11.6,147808,Illinois,810.7
30.9,9.2,29.7,81.0,22.7,31.6,14.5,260067,Illinois,981.7
25.5,11.0,24.0,73.4,19.8,27.9,10.1,192789,Illinois,855.9
18.3,8.7,22.0,82.5,12.7,24.9,10.2,47965,Illinois,807.7
23.4,6.1,21.3,82.3,28.2,23.6,8.1,129999,Illinois,832.6
31.2,9.0,31.8,84.3,26.0,29.2,14.0,82344,Illinois,948.7
23.9,5.2,23.6,83.1,23.2,22.0,6.7,642813,Illinois,814.4
25.3,9.3,25.8,76.3,26.2,27.5,12.3,288695,Illinois,851.0
21.4,5.9,23.8,79.6,23.6,25.4,10.2,344006,Indiana,831.5
22.9,5.2,21.1,80.8,23.0,20.2,8.3,73540,Indiana,906.4
23.7,6.1,23.1,74.4,20.2,29.9,5.8,52061,Indiana,905.0
29.4,4.1,21.1,77.4,28.5,19.7,9.7,40130,Indiana,937.7
26.3,8.7,22.2,79.9,29.5,28.6,9.4,101592,Indiana,1018.9
28.5,4.7,18.7,78.5,35.7,23.9,6.8,49082,Indiana,895.1
24.3,6.1,28.1,74.9,22.7,20.2,7.0,41659,Indiana,885.6
21.5,8.8,28.3,76.1,25.0,25.3,13.4,116362,Indiana,933.4
25.0,6.2,19.9,82.3,16.8,23.7,5.6,40858,Indiana,871.9
26.2,5.5,25.2,77.0,23.2,27.7,9.5,195362,Indiana,825.7
24.1,6.3,21.9,76.8,25.7,26.4,9.2,71997,Indiana,979.2
27.1,8.7,33.2,80.4,27.8,34.5,12.5,70557,Indiana,958.5
16.4,4.8,20.0,76.3,16.9,18.6,3.6,240685,Indiana,751.1
24.3,6.5,20.7,82.7,20.5,18.8,5.0,63138,Indiana,845.7
28.0,7.7,28.9,82.8,26.7,18.6,8.1,36827,Indiana,940.2
22.1,5.2,23.4,74.1,23.8,26.1,4.6,127483,Indiana,810.2
23.6,9.2,25.8,79.1,24.3,28.6,10.3,84977,Indiana,1005.9
28.9,7.4,25.1,83.0,31.4,27.1,8.8,42237,Indiana,933.7
25.4,6.3,22.5,81.6,27.0,23.7,7.0,128436,Indiana,899.6
24.4,8.2,24.0,73.3,27.0,28.7,7.5,76072,Indiana,823.2
29.2,8.1,28.7,79.0,27.7,27.5,12.7,493297,Indiana,962.9
28.3,8.0,25.6,79.8,26.6,30.5,9.9,110512,Indiana,870.7
34.0,11.5,28.7,80.7,29.1,31.7,9.7,46403,Indiana,909.3
28.3,8.4,27.1,77.8,29.4,30.1,11.0,130412,Indiana,950.0
26.3,7.5,24.3,78.4,28.0,25.4,12.5,863133,Indiana,959.0
27.7,5.7,26.0,70.3,26.8,20.4,7.5,46945,Indiana,847.5
23.9,9.0,27.6,79.0,30.6,27.7,10.0,35620,Indiana,877.7
18.2,7.3,18.7,80.8,26.1,23.5,12.4,121407,Indiana,805.4
29.3,7.8,23.3,76.4,32.5,22.9,9.2,38239,Indiana,902.1
27.1,6.5,26.5,78.7,28.6,26.3,7.8,69778,Indiana,967.0
31.9,8.6,30.0,79.9,23.7,26.5,8.1,47448,Indiana,917.1
24.3,5.6,24.0,73.9,27.5,22.2,6.8,157772,Indiana,842.8
26.5,10.9,20.6,78.3,22.5,19.0,7.6,26852,Indiana,878.4
26.2,8.1,22.8,75.5,25.3,26.7,11.8,266160,Indiana,827.2
21.2,5.9,25.0,83.4,26.1,13.8,8.1,33773,Indiana,856.8
21.1,5.0,20.7,77.9,24.0,19.6,11.9,153875,Indiana,847.7
24.0,9.0,27.3,80.8,28.6,27.5,11.8,173187,Indiana,915.4
27.5,10.8,25.3,84.6,28.5,36.5,13.7,102592,Indiana,1011.9
24.8,7.0,27.1,74.4,18.1,30.6,5.8,56362,Indiana,935.6
29.3,9.0,26.6,79.1,27.5,25.9,11.7,69192,Indiana,937.4
25.0,6.1,28.0,81.6,22.9,25.9,8.5,7859,Iowa,771.0
23.1,2.9,16.7,78.1,27.4,18.7,9.2,14709,Iowa,770.0
37.3,8.0,25.3,83.2,24.7,29.7,13.6,13666,Iowa,829.6
29.7,5.4,25.7,81.5,25.5,28.2,6.5,27000,Iowa,724.6
22.9,6.6,23.5,78.7,19.3,24.7,11.5,125891,Iowa,769.5
26.0,6.2,23.2,80.3,25.8,24.8,7.6,26602,Iowa,822.8
19.0,3.6,20.2,74.9,19.2,22.0,6.3,23677,Iowa,715.6
32.1,4.6,29.7,81.5,22.3,24.1,8.8,21019,Iowa,846.4
21.2,10.9,25.1,75.0,20.6,29.8,9.5,20151,Iowa,737.7
21.2,4.6,20.7,81.2,11.6,29.1,7.9,15072,Iowa,790.0
22.0,4.3,21.2,81.7,19.5,31.7,9.9,10443,Iowa,783.0
25.7,6.2,20.9,83.5,17.7,23.2,7.6,21034,Iowa,741.7
24.3,8.4,23.3,75.3,20.4,28.0,10.4,14219,Iowa,806.6
26.3,7.1,25.2,75.6,23.5,26.4,5.8,18254,Iowa,726.8
21.5,6.1,24.4,82.2,21.1,23.5,9.0,44645,Iowa,812.8
24.3,5.7,21.3,79.5,13.8,27.2,8.1,12237,Iowa,801.3
29.6,6.1,26.9,85.9,23.2,22.8,7.8,12563,Iowa,792.1
28.3,9.5,24.8,85.8,24.8,30.9,9.5,9161,Iowa,756.7
18.4,5.3,23.4,83.8,19.2,28.2,8.4,16897,Iowa,740.2
23.0,5.4,26.0,76.9,18.4,25.6,8.7,18337,Iowa,829.1
21.9,10.4,26.6,79.8,25.6,31.8,10.4,49717,Iowa,853.6
23.4,6.0,18.8,76.6,15.6,22.5,5.2,51762,Iowa,792.8
23.0,5.8,22.7,80.2,19.9,29.3,8.2,18025,Iowa,721.9
28.3,7.0,24.8,78.0,18.3,28.5,11.4,40810,Iowa,766.4
19.7,6.4,25.0,74.2,19.9,24.3,6.5,16687,Iowa,734.1
19.4,6.1,25.1,79.5,16.3,24.4,8.4,91631,Iowa,773.4
33.0,6.3,22.8,85.5,26.6,23.0,10.8,21298,Iowa,787.8
29.4,7.9,31.6,72.4,21.1,27.3,9.5,16443,Iowa,781.1
25.5,6.0,20.7,80.8,16.5,20.4,8.1,10732,Iowa,802.2
32.4,6.3,32.5,85.2,24.0,33.7,9.3,7759,Iowa,917.5
21.4,2.8,25.5,89.1,14.0,22.5,8.3,11547,Iowa,781.8
31.8,11.0,26.7,80.3,23.4,27.5,7.2,16209,Iowa,750.9
22.3,9.1,21.9,81.7,22.1,26.1,6.8,11786,Iowa,727.7
26.4,8.4,27.5,81.4,22.8,27.7,8.7,18003,Iowa,787.7
33.4,8.8,30.8,79.8,28.3,31.2,8.6,15884,Iowa,893.2
27.6,8.4,31.0,76.8,18.4,25.0,9.1,20246,Iowa,789.3
31.9,8.2,28.7,76.6,21.3,25.1,6.1,16055,Iowa,759.1
24.4,8.8,23.4,81.2,18.0,24.2,9.9,20335,Iowa,815.7
25.4,8.1,28.7,85.0,21.9,24.8,7.4,37674,Iowa,747.7
13.2,3.9,16.1,77.4,17.5,15.9,10.7,117067,Iowa,671.4
27.8,4.3,22.5,75.2,18.9,23.1,9.1,16142,Iowa,747.6
27.8,8.8,23.2,85.3,30.2,22.1,11.2,36705,Iowa,871.2
19.9,6.2,21.5,81.9,20.7,23.5,7.8,198903,Iowa,728.6
21.7,4.8,17.6,79.8,18.5,25.1,7.3,11750,Iowa,708.0
28.1,3.8,26.1,79.4,20.3,20.1,6.8,15158,Iowa,846.2
30.5,5.1,20.5,88.5,22.3,24.5,10.5,22364,Iowa,755.8
25.4,7.2,22.7,81.4,25.8,28.0,7.8,32984,Iowa,773.3
28.7,6.9,27.9,81.5,25.9,25.4,10.6,39418,Iowa,976.6
22.5,6.0,22.6,75.6,29.5,26.2,8.3,15284,Iowa,881.4
30.8,13.2,29.1,83.5,26.0,33.3,10.1,11313,Iowa,871.4
26.7,5.7,25.6,82.9,22.8,23.2,9.5,42756,Iowa,862.1
24.1,3.7,25.7,82.8,23.3,25.8,7.8,14414,Iowa,738.0
27.8,5.1,24.5,79.8,28.3,30.5,11.4,16253,Iowa,865.8
21.6,7.5,20.3,85.4,21.2,21.1,6.4,24958,Iowa,766.0
21.3,6.5,22.8,82.8,24.0,21.8,8.6,401006,Iowa,782.5
26.3,8.3,26.8,82.5,28.0,28.0,10.2,89738,Iowa,920.1
23.5,7.3,26.0,79.4,23.0,33.8,9.0,18925,Iowa,799.3
28.0,4.9,23.8,81.2,22.0,26.1,9.0,10621,Iowa,803.8
20.1,6.9,20.5,81.3,23.7,23.7,10.3,160998,Iowa,846.5
22.9,2.7,26.0,78.7,15.4,29.0,7.8,12634,Iowa,755.2
21.5,4.3,17.6,83.5,15.8,16.5,6.5,32277,Iowa,642.5
14.8,4.5,17.2,79.9,16.2,15.5,9.8,79952,Iowa,663.8
22.8,5.2,25.6,80.1,23.3,23.9,8.9,17919,Iowa,794.2
29.0,10.6,27.3,85.8,26.2,26.2,10.7,6614,Iowa,766.1
23.8,7.9,28.0,78.2,24.9,28.1,11.1,11972,Iowa,857.6
27.6,6.2,24.8,79.8,23.9,27.2,12.2,35965,Iowa,840.2
21.1,6.1,26.0,81.7,20.4,26.8,6.0,42981,Iowa,813.9
22.4,4.2,25.3,82.7,21.8,23.4,7.7,21457,Iowa,742.2
28.2,9.8,26.0,83.0,24.4,31.5,10.8,39003,Iowa,848.5
18.2,7.7,25.6,76.4,15.7,23.8,8.3,11351,Iowa,764.6
29.3,4.6,19.5,78.3,13.4,19.2,7.8,21234,Iowa,677.0
26.1,4.6,23.0,82.9,28.6,23.9,11.2,102605,Iowa,837.5
29.0,6.4,19.3,81.2,25.7,25.2,8.3,13647,Iowa,775.7
26.5,8.2,27.0,80.8,22.9,31.4,12.4,28105,Kansas,812.8
22.8,6.7,25.7,81.3,21.7,21.1,8.4,62354,Kansas,855.9
32.8,8.4,29.2,82.6,23.4,30.4,13.4,35298,Kansas,972.9
23.8,7.0,23.6,81.2,24.8,24.1,15.2,38222,Kansas,938.8
29.2,5.8,27.0,78.4,23.8,28.9,9.2,19209,Kansas,851.7
19.3,3.6,17.0,79.6,19.2,14.9,12.4,102914,Kansas,772.6
21.3,5.0,17.2,81.2,20.1,15.4,10.6,26767,Kansas,770.3
36.3,5.5,23.1,84.0,20.8,25.1,13.2,38988,Kansas,821.8
27.9,5.9,24.9,83.0,18.2,23.0,11.8,33751,Kansas,918.7
28.4,5.5,27.2,82.1,23.5,35.0,9.9,26247,Kansas,869.6
17.6,6.5,16.7,80.8,24.8,20.7,12.9,24585,Kansas,950.9
25.0,7.9,24.7,82.4,12.8,27.2,8.9,33843,Kansas,763.5
26.3,6.1,25.1,83.5,22.6,21.9,7.7,19106,Kansas,825.5
16.7,4.8,17.4,79.4,16.6,18.9,4.8,506562,Kansas,703.8
34.2,6.9,27.9,88.9,25.5,32.4,13.8,22169,Kansas,964.2
21.5,5.8,20.8,78.8,21.6,24.2,8.3,73113,Kansas,932.0
27.2,7.0,24.4,79.4,19.6,18.5,12.9,35609,Kansas,794.8
24.6,6.1,23.4,77.8,13.5,30.2,8.0,29523,Kansas,784.4
25.2,6.9,27.3,76.1,21.6,21.5,8.0,30496,Kansas,894.9
30.5,9.1,28.0,80.8,27.1,29.3,13.8,34570,Kansas,942.5
32.7,9.4,24.7,81.9,19.2,28.9,13.0,16529,Kansas,894.1
22.9,5.0,19.5,73.2,19.3,19.3,9.1,19129,Kansas,836.0
25.0,6.4,25.2,79.6,22.7,24.1,12.5,63558,Kansas,809.4
14.3,3.3,14.7,77.9,16.1,15.7,14.2,62826,Kansas,729.1
23.0,4.9,21.7,75.8,23.9,21.5,10.4,53919,Kansas,822.8
24.6,6.8,24.5,79.9,22.9,24.0,11.8,466061,Kansas,893.3
30.7,7.0,21.2,83.3,20.2,23.2,13.8,23274,Kansas,813.2
25.5,6.7,26.0,80.9,19.6,24.0,10.9,172365,Kansas,930.4
26.4,8.6,29.7,78.1,19.5,27.3,10.6,24797,Kansas,875.8
37.3,7.7,27.4,83.1,28.2,26.5,16.1,155750,Kansas,1062.5
38.8,8.5,27.3,77.4,32.0,38.5,20.0,17573,Kentucky,923.1
34.3,7.5,25.5,78.5,30.1,29.8,15.3,40073,Kentucky,935.6
34.6,7.0,26.8,87.2,34.3,36.7,18.5,11626,Kentucky,1007.7
41.3,11.5,32.4,80.3,36.1,23.9,25.8,29665,Kentucky,1164.5
21.9,5.2,25.0,81.3,21.0,25.1,7.1,106272,Kentucky,909.2
37.6,9.6,27.2,79.9,29.0,35.9,15.3,49594,Kentucky,1073.3
39.8,8.1,25.1,77.6,40.4,28.2,11.7,8670,Kentucky,1050.6
36.6,7.7,29.2,81.6,33.2,30.6,26.2,15957,Kentucky,1212.5
36.9,7.4,21.9,77.9,37.9,27.2,15.4,19293,Kentucky,979.5
26.4,6.5,18.1,78.6,27.9,28.4,14.8,35122,Kentucky,879.5
27.8,6.9,23.9,85.6,25.6,22.0,10.3,87251,Kentucky,1003.6
37.7,9.0,31.0,87.4,35.5,30.9,20.4,27306,Kentucky,1104.3
31.2,9.6,24.4,76.0,34.2,31.7,15.9,70145,Kentucky,1043.9
30.1,7.5,22.6,78.5,29.8,28.9,13.0,93060,Kentucky,913.0
23.8,5.9,20.8,75.9,23.0,22.3,13.0,268080,Kentucky,897.3
37.1,7.2,28.3,83.7,32.2,28.1,16.8,14610,Kentucky,1017.6
45.0,11.3,31.3,82.6,32.4,40.2,24.1,42218,Kentucky,1170.1
27.8,7.5,23.4,76.9,24.0,25.9,10.9,48207,Kentucky,994.3
33.1,8.5,25.1,78.8,32.6,30.5,15.0,37625,Kentucky,988.3
35.7,13.2,23.4,77.1,37.9,38.4,16.1,25189,Kentucky,1070.5
37.1,10.9,29.5,82.6,27.9,37.7,14.6,37184,Kentucky,1014.5
28.6,7.8,24.6,78.7,29.9,28.2,11.3,96947,Kentucky,920.7
45.7,11.0,30.0,84.7,35.7,31.0,26.6,31614,Kentucky,1229.9
36.6,6.4,18.7,83.9,35.7,26.8,19.4,18319,Kentucky,1051.6
31.3,5.8,22.3,79.6,32.6,28.4,13.3,45573,Kentucky,1001.2
32.7,8.0,30.5,83.4,30.6,29.7,15.3,46705,Kentucky,1026.0
26.8,7.6,25.5,81.0,26.7,26.4,13.3,699827,Kentucky,975.1
42.1,11.6,33.9,84.5,32.6,31.8,21.0,24001,Kentucky,1104.8
24.0,7.3,23.6,79.9,32.7,27.8,10.7,153665,Kentucky,987.5
45.3,9.4,25.5,77.8,34.8,33.9,23.7,17561,Kentucky,1013.7
41.2,7.6,26.4,88.2,31.3,37.3,26.3,32069,Kentucky,1068.9
39.7,10.9,24.7,82.3,32.3,33.3,18.7,56338,Kentucky,1055.6
40.8,8.1,27.3,85.7,35.9,33.8,22.6,16166,Kentucky,1142.9
42.4,11.9,33.6,81.4,31.4,38.9,21.8,24434,Kentucky,1192.7
41.0,7.6,26.8,81.8,40.3,35.4,23.7,13872,Kentucky,1090.8
33.1,4.7,26.3,78.1,38.9,26.9,14.9,27169,Kentucky,981.9
33.8,9.6,25.7,79.2,25.9,34.5,15.4,64698,Kentucky,944.9
28.7,4.7,23.6,82.0,28.9,25.9,15.0,77749,Kentucky,949.3
26.4,6.4,22.6,74.6,26.1,31.9,10.9,30967,Kentucky,897.7
37.5,7.6,21.1,79.4,30.1,31.6,15.9,17140,Kentucky,1082.2
28.1,7.5,22.3,77.8,36.7,28.4,10.9,28447,Kentucky,943.3
39.5,10.8,25.1,87.2,37.5,31.4,22.0,6809,Kentucky,1034.4
38.3,9.8,30.1,82.9,32.4,30.3,14.5,24256,Kentucky,995.5
39.0,11.5,26.1,82.3,31.4,31.9,24.5,14334,Kentucky,929.0
36.5,9.3,32.9,81.9,27.8,27.7,17.3,31548,Kentucky,1028.9
30.0,6.2,26.0,82.6,30.1,27.0,11.8,41088,Kentucky,957.0
35.7,8.5,26.4,82.5,40.8,31.6,16.2,23676,Kentucky,1039.4
41.0,10.7,32.6,79.7,33.8,34.6,23.3,29452,Kentucky,1254.3
42.6,11.4,28.5,83.9,34.2,35.0,20.7,66922,Kentucky,1208.5
32.3,8.9,24.1,80.7,30.1,32.0,17.1,59200,Kentucky,984.8
41.6,11.8,31.9,76.9,29.2,24.6,19.5,16712,Kentucky,1036.5
29.7,6.5,25.1,79.5,27.0,25.7,18.7,22226,Kentucky,955.6
42.4,7.4,27.5,85.2,29.6,30.5,19.8,17020,Kentucky,974.5
37.3,6.8,18.8,80.0,32.4,33.2,16.6,23754,Kentucky,980.0
28.0,7.7,22.6,75.0,27.1,23.5,15.2,98960,Kentucky,971.0
36.4,8.6,28.3,83.1,33.3,31.4,22.6,20352,Kentucky,1014.4
32.1,6.6,31.6,82.0,24.6,19.7,13.8,14161,Kentucky,988.4
39.8,11.0,30.6,79.2,35.6,41.5,23.1,38029,Kentucky,1143.8
38.9,8.2,27.8,87.9,26.1,27.6,19.9,59552,Louisiana,1072.4
28.6,8.7,20.3,81.1,25.2,22.7,11.4,90501,Louisiana,989.7
41.1,6.1,24.7,90.3,27.4,31.7,23.0,42098,Louisiana,1113.1
35.5,10.1,26.2,79.9,25.8,35.0,15.3,34562,Louisiana,1004.3
28.9,7.6,21.5,82.7,27.8,28.9,13.4,105541,Louisiana,970.1
31.5,7.7,27.0,81.0,21.9,32.1,19.7,251309,Louisiana,991.1
32.1,7.2,26.4,79.4,25.5,27.0,16.3,185419,Louisiana,1013.5
39.4,8.0,31.1,85.8,23.0,32.0,19.1,26383,Louisiana,1058.2
27.7,6.1,22.8,82.5,20.4,27.2,16.4,411417,Louisiana,971.9
41.9,7.4,24.8,86.7,27.5,34.8,24.2,35540,Louisiana,1125.3
41.6,8.9,32.3,87.6,30.1,36.8,24.2,20380,Louisiana,1125.7
32.7,11.2,27.6,85.4,25.1,31.8,19.7,74388,Louisiana,977.0
30.5,7.4,24.8,82.2,21.1,28.1,15.7,452824,Louisiana,959.1
38.1,5.6,33.1,86.9,28.4,33.9,17.6,31272,Louisiana,1069.8
25.6,7.0,21.8,82.3,23.4,24.4,15.6,197390,Louisiana,939.9
38.1,9.2,28.0,84.8,26.3,32.9,15.3,92179,Louisiana,911.3
24.1,5.8,25.2,83.6,19.5,24.9,21.1,42108,Louisiana,853.1
32.9,7.7,25.1,82.7,31.1,30.0,11.9,109206,Louisiana,1009.0
47.7,7.0,34.0,80.4,28.0,30.2,23.3,29989,Louisiana,1088.7
34.8,8.9,28.0,82.7,21.0,28.1,22.1,38541,Louisiana,1040.5
32.1,9.1,25.6,80.0,21.5,29.6,25.5,454863,Louisiana,1101.7
35.7,6.5,25.8,83.2,25.6,24.0,19.6,148237,Louisiana,1007.4
34.1,7.4,33.7,88.7,22.8,29.9,15.3,28995,Louisiana,1050.9
33.2,7.8,24.5,84.8,26.3,30.5,19.2,128462,Louisiana,1077.6
31.9,11.7,25.2,89.2,27.1,37.0,17.9,23786,Louisiana,1006.7
38.6,7.7,29.6,80.8,27.7,27.0,14.2,65364,Louisiana,1133.9
28.3,9.3,32.6,81.7,21.2,26.7,12.5,50633,Louisiana,934.1
34.9,10.0,24.6,78.7,23.5,34.2,15.7,46393,Louisiana,1033.0
38.4,9.6,24.6,87.4,28.2,29.7,22.9,89937,Louisiana,1009.5
40.6,8.3,32.6,83.3,27.2,28.1,20.1,50434,Louisiana,992.4
34.1,8.2,30.7,80.1,27.6,33.5,20.2,51416,Louisiana,1053.8
23.2,7.0,22.7,81.8,24.2,22.7,10.5,220295,Louisiana,929.5
33.1,7.8,28.5,84.3,24.0,24.7,20.8,106502,Louisiana,1122.7
36.5,8.4,27.8,89.0,28.4,28.7,16.8,107491,Louisiana,962.6
33.2,8.3,32.8,84.4,19.7,29.1,17.5,22901,Louisiana,1076.5
35.4,11.0,25.5,83.5,23.2,27.1,18.4,55195,Louisiana,930.4
27.3,5.1,23.0,79.2,32.1,23.9,15.3,48745,Louisiana,1037.2
45.8,16.8,29.8,85.6,28.6,37.8,23.3,44623,Louisiana,1147.1
32.9,6.6,27.5,89.4,25.4,29.2,17.9,41356,Louisiana,1090.6
25.8,6.7,24.6,75.2,24.7,25.1,11.5,108039,Maine,859.1
30.4,10.0,25.4,74.3,24.3,24.6,14.3,73240,Maine,889.3
17.0,5.6,16.6,68.6,18.9,20.3,8.4,274950,Maine,810.5
18.6,9.3,22.0,68.9,20.1,24.6,12.6,29704,Maine,831.5
21.3,5.8,17.7,68.5,22.5,25.1,9.9,53660,Maine,851.1
22.8,7.1,24.7,76.0,21.9,23.4,11.3,120986,Maine,857.3
20.7,6.8,21.0,68.9,19.3,21.0,10.5,41219,Maine,835.8
20.0,4.3,16.8,67.8,17.2,27.7,9.8,35240,Maine,764.8
26.3,7.4,23.0,71.9,27.0,24.3,11.8,56628,Maine,882.5
23.7,8.5,22.6,76.9,24.5,23.5,12.5,147068,Maine,892.5
24.0,7.2,24.2,71.1,28.1,23.4,13.0,17674,Maine,940.1
19.4,5.6,19.9,74.8,18.8,23.1,8.3,36962,Maine,792.6
30.7,9.8,23.2,76.7,26.5,29.8,14.3,51667,Maine,910.1
23.7,7.0,25.9,73.4,22.4,24.2,12.4,38705,Maine,867.9
32.9,6.6,25.0,72.5,27.5,32.4,16.1,33448,Maine,966.8
22.3,6.9,20.7,71.4,21.8,24.2,8.3,202315,Maine,761.0
28.2,8.8,25.2,75.2,25.3,32.9,13.5,73639,Maryland,898.8
20.1,7.5,23.3,71.5,22.4,28.2,6.2,510878,Maryland,874.8
23.4,6.5,20.8,72.0,22.2,26.2,7.6,786113,Maryland,862.3
20.4,5.7,22.4,70.3,20.2,27.1,5.3,87925,Maryland,865.2
34.1,8.8,27.3,78.7,26.6,32.6,10.6,31822,Maryland,998.8
20.6,5.8,19.3,70.6,20.8,27.4,5.0,168541,Maryland,861.5
27.0,6.4,25.8,73.4,27.2,26.0,7.7,97796,Maryland,968.5
22.4,4.9,26.5,75.2,21.1,23.8,6.9,138822,Maryland,923.0
31.3,9.7,26.4,70.5,25.1,29.0,13.6,31401,Maryland,994.8
20.9,6.0,21.4,70.9,20.0,21.3,5.6,220701,Maryland,812.3
28.6,8.6,25.6,74.3,18.4,25.9,12.5,29909,Maryland,855.9
22.2,7.2,22.3,72.5,20.4,25.6,6.4,239259,Maryland,851.3
15.5,4.5,16.4,73.5,13.7,19.8,4.7,269457,Maryland,702.7
18.0,5.2,15.3,66.8,11.9,22.4,6.4,927583,Maryland,597.2
24.6,8.3,25.5,72.1,17.8,26.2,9.4,846123,Maryland,927.3
25.1,6.7,21.9,74.1,19.4,30.1,6.0,45612,Maryland,839.4
21.8,6.1,25.6,73.0,21.1,25.1,7.4,96518,Maryland,878.4
22.2,9.0,20.0,73.5,18.0,30.1,8.3,35683,Maryland,770.4
27.2,7.4,22.4,73.0,23.3,29.4,9.8,141895,Maryland,873.0
25.0,8.3,25.0,70.2,24.0,28.4,11.5,90402,Maryland,942.1
23.0,10.2,24.6,74.7,21.9,40.4,9.8,48750,Maryland,850.9
28.6,9.6,28.0,72.9,27.8,29.5,19.6,635815,Maryland,1232.4
16.0,6.7,15.0,65.6,16.8,30.5,7.3,226514,Massachusetts,706.3
21.4,6.8,19.8,68.8,21.8,23.3,10.2,131868,Massachusetts,819.2
26.6,7.0,23.2,76.4,24.0,27.7,10.4,546331,Massachusetts,841.1
23.9,6.1,18.7,70.2,18.7,23.8,9.7,738301,Massachusetts,785.2
19.8,5.4,22.8,69.9,21.6,29.4,8.8,72334,Massachusetts,767.7
27.2,8.1,21.7,72.9,22.0,25.9,14.4,461591,Massachusetts,863.4
17.6,4.7,14.1,65.0,18.2,19.2,9.3,153339,Massachusetts,750.4
18.7,5.2,15.5,69.3,15.1,21.7,7.6,1459011,Massachusetts,738.7
18.6,5.0,15.4,70.1,15.9,23.8,5.5,653595,Massachusetts,741.0
21.6,7.1,20.1,73.0,21.6,25.8,7.8,492409,Massachusetts,856.5
26.4,5.6,17.8,72.8,19.8,20.6,15.9,654428,Massachusetts,861.1
23.8,6.3,21.9,71.5,21.0,24.4,9.4,783262,Massachusetts,826.9
19.9,6.7,22.5,82.5,27.7,23.5,8.4,113174,Michigan,832.7
20.1,9.0,23.4,81.4,25.6,30.1,7.3,59892,Michigan,860.1
23.3,9.2,27.1,80.9,19.9,32.6,10.6,109029,Michigan,829.4
24.0,6.0,24.6,76.7,24.5,36.0,12.3,162611,Michigan,851.6
25.6,10.0,27.8,76.7,30.6,32.5,11.6,139191,Michigan,955.4
21.7,7.8,25.8,78.5,19.2,26.5,5.6,69329,Michigan,788.4
18.8,5.7,25.3,77.6,26.4,28.5,7.8,107394,Michigan,776.1
25.0,8.7,26.6,78.8,26.1,27.8,13.3,443883,Michigan,955.6
17.1,4.5,21.7,79.5,27.5,20.9,7.8,83971,Michigan,730.0
20.7,9.6,28.8,81.5,29.8,23.9,11.3,42345,Michigan,891.5
21.3,6.9,23.7,77.0,23.2,24.0,12.7,278592,Michigan,814.7
24.6,9.0,23.8,82.0,28.2,22.8,9.4,64608,Michigan,864.2
20.0,9.3,26.5,76.7,24.1,30.1,10.9,163629,Michigan,886.0
18.7,6.0,20.8,74.3,17.9,23.6,12.0,240536,Michigan,848.5
19.1,6.6,21.5,78.6,21.8,23.9,10.0,596666,Michigan,780.8
25.1,7.2,24.6,77.7,28.8,18.3,7.4,93361,Michigan,878.7
25.7,9.0,26.1,78.8,20.8,30.0,8.0,102033,Michigan,861.9
16.9,6.0,21.3,77.8,20.5,15.8,4.4,181517,Michigan,784.2
23.3,7.1,23.3,79.9,24.7,26.4,7.4,829453,Michigan,831.4
21.0,7.4,22.0,69.7,18.0,25.1,10.5,64760,Michigan,886.8
17.0,8.7,23.1,73.7,20.7,22.3,9.0,84064,Michigan,755.7
21.8,7.1,26.0,84.0,24.4,30.7,7.3,153935,Michigan,879.1
26.3,9.5,32.9,86.6,25.5,29.7,10.5,63893,Michigan,915.9
25.4,8.7,24.9,79.3,30.7,24.6,13.4,175554,Michigan,894.6
18.5,7.0,21.3,75.4,18.9,26.5,6.7,1214361,Michigan,777.6
16.5,5.6,19.5,78.0,17.9,26.7,6.6,255406,Michigan,677.8
25.7,9.5,31.8,81.3,21.9,30.2,13.4,208356,Michigan,893.2
20.9,7.3,25.2,79.4,31.1,30.8,8.7,171426,Michigan,872.5
26.6,12.5,35.9,77.8,27.5,26.7,11.5,62984,Michigan,893.9
26.5,7.4,25.8,83.8,24.2,26.3,9.1,72945,Michigan,892.9
25.7,6.4,23.8,79.5,23.3,26.5,12.2,78812,Michigan,880.0
16.4,5.4,20.3,69.7,14.8,19.6,9.6,341847,Michigan,770.4
27.9,9.8,29.2,78.4,26.3,30.3,16.5,1998217,Michigan,1004.1
17.0,5.7,24.6,79.5,23.9,20.2,5.3,323996,Minnesota,730.4
22.8,5.7,23.1,78.8,35.5,22.5,15.2,42871,Minnesota,852.4
17.0,2.4,30.3,86.8,15.9,22.2,7.3,38505,Minnesota,894.4
15.4,5.5,23.2,78.5,21.2,24.2,10.3,58030,Minnesota,742.3
12.6,2.3,22.0,77.7,14.9,16.2,4.0,84864,Minnesota,612.5
18.8,7.6,26.8,75.2,22.2,34.2,11.7,28910,Minnesota,854.1
17.3,5.2,24.6,85.3,26.3,22.6,5.5,49400,Minnesota,865.3
20.5,3.9,22.5,81.6,20.6,21.2,9.9,53838,Minnesota,738.7
22.7,7.2,23.4,79.8,21.6,34.6,9.1,59917,Minnesota,721.3
14.5,5.0,21.0,77.1,17.9,19.6,4.9,383592,Minnesota,706.0
17.2,7.3,20.9,76.8,18.3,22.2,7.7,35138,Minnesota,676.6
21.3,6.9,24.1,81.7,25.7,29.6,8.7,31946,Minnesota,756.0
14.2,3.4,20.6,73.4,26.3,25.8,6.1,45585,Minnesota,788.6
14.8,4.3,18.2,73.4,19.2,20.1,9.1,1119364,Minnesota,733.5
20.6,5.1,23.4,83.2,26.6,15.3,6.1,37664,Minnesota,742.8
11.9,8.3,21.4,76.6,25.0,21.7,9.9,44384,Minnesota,825.7
17.5,6.6,25.2,80.3,23.3,27.9,9.5,41199,Minnesota,712.0
16.4,6.3,25.4,77.3,18.2,25.9,6.1,36636,Minnesota,713.0
20.1,7.0,24.2,72.0,23.8,22.7,9.4,32788,Minnesota,757.4
14.7,5.9,25.8,72.7,18.7,31.3,9.2,38799,Minnesota,690.0
12.9,3.3,23.5,72.2,15.7,23.0,7.5,30848,Minnesota,651.2
14.1,3.5,21.9,70.0,14.6,21.4,6.8,135189,Minnesota,629.2
23.9,5.5,23.5,85.9,19.8,31.4,9.6,57658,Minnesota,755.9
17.6,4.7,21.3,73.6,20.6,21.2,10.7,494920,Minnesota,750.8
15.4,5.2,24.6,75.7,23.9,27.4,7.2,60949,Minnesota,767.3
16.9,6.0,18.5,76.4,21.5,24.2,10.5,197179,Minnesota,837.3
13.9,3.5,21.0,77.5,16.1,17.0,3.8,119825,Minnesota,755.6
20.4,6.2,24.1,76.0,17.3,19.6,4.6,81752,Minnesota,829.4
16.1,3.9,18.9,77.1,18.5,18.9,8.0,142654,Minnesota,614.0
21.7,4.8,16.3,74.4,17.2,20.5,6.8,35755,Minnesota,750.1
15.1,4.6,20.2,73.9,20.2,22.2,4.7,220426,Minnesota,764.5
21.4,4.6,21.5,72.8,17.4,25.9,9.7,49276,Minnesota,748.0
16.9,2.9,24.5,79.9,24.8,25.6,4.9,110730,Minnesota,767.2
30.1,12.2,28.2,80.5,25.3,47.1,22.3,32099,Mississippi,1080.1
33.3,8.9,24.1,74.4,25.9,30.8,16.2,35306,Mississippi,1080.2
31.3,10.4,34.0,82.8,21.9,35.6,27.3,38641,Mississippi,1184.9
36.7,7.6,35.7,78.4,27.1,33.6,21.2,29164,Mississippi,1018.0
29.6,8.0,24.6,85.4,26.2,26.6,8.6,137004,Mississippi,1035.3
31.1,6.6,28.1,82.1,22.2,29.6,20.4,75095,Mississippi,1114.2
31.4,9.8,25.1,81.1,30.3,31.6,15.7,46711,Mississippi,1017.2
29.5,10.5,26.8,80.7,28.5,29.3,16.5,193810,Mississippi,1074.2
31.9,9.2,26.1,81.5,21.6,29.7,20.5,249345,Mississippi,920.1
28.1,9.6,26.1,75.9,28.2,30.4,15.0,135940,Mississippi,1068.9
34.2,9.4,29.9,84.4,23.0,34.7,18.7,66160,Mississippi,1013.1
20.4,6.8,22.3,82.3,21.9,24.2,15.8,40842,Mississippi,953.2
26.0,7.2,29.2,79.7,27.1,25.4,13.9,44616,Mississippi,956.0
27.0,8.0,26.5,78.6,24.5,33.4,18.8,77218,Mississippi,1114.4
33.1,9.8,25.5,77.5,19.7,35.7,14.1,78793,Mississippi,1023.1
49.5,11.9,30.7,86.3,25.5,39.6,29.4,36431,Mississippi,1154.8
29.3,8.4,27.1,88.0,27.8,36.0,17.7,33906,Mississippi,1147.6
30.4,10.6,24.3,80.6,23.0,28.2,19.2,59895,Mississippi,910.4
21.0,5.5,25.8,80.8,16.8,21.9,13.2,84286,Mississippi,1301.5
38.7,10.4,31.0,80.6,34.9,25.1,21.7,25235,Mississippi,1206.1
34.6,9.9,28.5,83.2,25.4,41.6,16.3,37704,Mississippi,938.9
36.8,8.6,26.8,81.9,26.2,30.7,18.6,29905,Mississippi,1018.8
24.4,6.0,21.9,82.0,20.0,21.3,21.4,41247,Mississippi,936.2
29.7,9.1,28.1,83.2,31.0,29.7,18.1,52659,Mississippi,1010.0
30.8,13.8,33.5,84.3,29.1,37.7,22.8,39426,Mississippi,1047.3
42.9,11.1,29.4,82.7,24.6,30.0,13.2,28208,Mississippi,930.5
30.2,6.8,26.9,82.9,24.2,28.9,10.4,131841,Mississippi,870.9
32.7,11.1,27.6,84.4,24.7,32.0,19.7,27944,Mississippi,1096.8
29.4,8.6,27.6,89.5,37.1,27.6,15.0,26548,Mississippi,1047.0
36.4,10.6,25.1,76.5,33.3,33.8,13.9,19202,Mississippi,1119.2
34.7,12.3,33.5,80.4,24.3,34.1,17.6,49131,Mississippi,1115.4
39.5,10.2,35.7,83.0,24.6,40.8,28.4,59220,Mississippi,1149.7
23.8,6.2,20.5,80.6,18.2,21.3,15.9,24509,Missouri,904.1
28.8,9.1,26.0,80.5,19.3,31.8,8.3,16899,Missouri,813.8
21.7,3.7,19.8,78.1,25.4,18.6,11.7,143326,Missouri,823.3
28.9,7.6,25.2,79.9,31.7,26.7,12.3,84904,Missouri,922.0
35.6,13.4,36.5,78.1,35.6,42.5,17.0,41338,Missouri,1065.3
29.7,7.2,26.8,82.0,30.7,17.5,9.8,42541,Missouri,929.7
26.8,6.6,24.4,75.3,27.1,24.9,11.7,39432,Missouri,870.9
25.7,8.1,24.5,80.9,20.1,26.9,11.2,71161,Missouri,878.9
29.8,6.0,28.9,80.9,25.7,30.2,7.4,94232,Missouri,890.1
23.5,4.0,21.0,76.3,23.9,19.6,9.3,67266,Missouri,888.0
22.3,4.9,24.2,78.9,25.1,21.7,6.6,202078,Missouri,863.8
19.1,5.9,20.9,80.2,22.5,24.6,9.0,72757,Missouri,884.3
26.7,5.6,25.6,72.7,29.9,24.3,8.4,99090,Missouri,961.4
22.5,7.0,22.3,80.2,26.2,26.3,12.5,250784,Missouri,901.6
31.0,7.5,21.2,82.5,22.5,34.5,17.1,38400,Missouri,992.1
24.7,7.8,24.6,78.9,25.8,25.8,12.3,662959,Missouri,911.6
29.9,8.1,25.2,85.0,27.1,24.1,14.9,110624,Missouri,973.8
26.1,5.6,19.9,78.7,31.1,24.0,8.0,213669,Missouri,1024.0
24.6,7.0,23.8,82.6,24.5,24.8,11.5,50784,Missouri,894.0
37.9,7.6,25.8,84.4,33.7,24.1,14.3,34492,Missouri,968.5
27.5,8.0,25.8,75.6,23.4,25.5,12.1,15600,Missouri,929.3
29.5,8.0,24.9,80.1,26.6,30.8,12.6,28375,Missouri,919.5
25.0,6.1,26.5,81.4,24.2,21.4,12.2,55554,Missouri,945.9
25.6,6.8,25.9,83.0,18.0,35.0,11.5,21710,Missouri,771.2
24.4,4.5,20.3,85.3,28.4,22.8,12.8,40121,Missouri,909.6
29.3,7.4,22.0,74.6,26.9,31.6,14.1,42125,Missouri,962.8
22.2,5.6,24.5,78.9,20.6,17.7,5.5,82085,Missouri,815.4
31.4,9.9,34.3,86.1,24.0,33.9,13.5,25336,Missouri,1034.6
19.5,5.7,20.9,75.7,21.0,23.2,4.9,329940,Missouri,814.0
29.9,10.7,30.9,80.8,30.5,38.9,14.3,61661,Missouri,1109.5
19.6,5.3,20.6,79.2,19.6,26.1,8.6,1004666,Missouri,847.8
31.0,11.4,26.3,83.1,33.2,38.6,13.3,23075,Missouri,929.6
37.2,6.8,27.8,83.8,29.6,26.4,14.6,41143,Missouri,958.0
36.0,7.8,29.4,83.2,30.0,29.8,14.9,29714,Missouri,960.9
28.5,10.2,29.7,78.8,27.0,30.3,21.3,344362,Missouri,1114.9
20.7,7.9,20.5,75.7,10.7,17.8,15.7,8773,Montana,827.7
29.9,9.4,32.6,80.4,30.7,24.7,24.0,13149,Montana,1119.6
27.5,8.0,26.5,80.5,33.7,28.6,22.2,6629,Montana,970.7
21.2,3.6,17.2,75.4,20.2,26.1,11.2,9902,Montana,778.7
20.9,6.5,21.9,77.8,18.5,29.6,13.9,79569,Montana,848.0
24.9,5.8,18.9,74.3,22.2,26.1,13.9,11267,Montana,944.4
26.9,7.2,22.8,80.4,21.9,29.0,12.7,8688,Montana,775.9
27.9,6.9,24.8,76.8,25.7,33.6,14.8,8948,Montana,997.0
23.5,6.5,24.0,74.1,16.2,22.5,14.9,11551,Montana,874.6
16.3,5.1,14.0,71.7,17.8,21.3,12.6,83172,Montana,870.0
13.5,2.9,11.5,77.3,14.9,15.2,11.5,78210,Montana,712.5
30.4,10.2,29.9,79.1,35.3,27.2,25.6,13552,Montana,1092.0
22.5,6.2,24.3,76.7,26.2,25.7,18.1,16304,Montana,886.4
18.1,5.4,15.3,80.1,21.7,21.8,9.2,11170,Montana,965.2
22.3,5.6,20.8,75.8,23.6,24.3,19.1,28297,Montana,861.2
19.5,5.7,20.5,78.6,18.3,21.1,11.7,58449,Montana,854.1
24.2,6.8,22.3,79.7,27.3,29.0,18.3,19193,Montana,924.6
20.6,3.2,14.5,69.1,17.2,21.0,11.6,7274,Montana,845.6
12.8,3.9,15.0,75.6,20.1,20.0,14.9,100086,Montana,791.9
26.9,3.2,16.1,80.7,17.2,17.5,17.6,4497,Montana,977.2
20.9,3.2,13.7,74.8,18.3,20.3,12.5,15968,Montana,813.9
17.7,6.2,17.3,75.3,19.7,27.2,14.0,39940,Montana,761.5
27.2,7.9,21.6,76.4,18.9,29.1,13.1,9096,Montana,899.6
32.3,13.8,30.9,73.7,33.6,28.8,26.2,10524,Montana,1072.2
26.9,7.4,30.9,79.5,22.3,24.6,18.0,9212,Montana,1065.0
26.3,8.7,21.0,75.7,19.3,19.9,17.1,11057,Montana,865.1
23.9,4.8,16.9,78.9,21.7,28.7,15.9,32982,Montana,974.7
31.7,5.5,18.8,79.1,22.1,23.1,9.4,8493,Montana,791.4
23.7,4.0,19.8,79.2,16.4,27.3,13.7,6240,Montana,831.5
29.1,7.1,21.9,72.3,21.2,25.1,14.6,7143,Montana,911.0
21.8,5.5,21.4,78.9,21.1,25.2,12.1,136691,Montana,811.5
22.7,5.5,24.4,81.0,21.0,27.4,10.1,33070,Nebraska,721.9
22.7,5.8,28.1,80.3,27.8,21.0,11.4,11374,Nebraska,871.9
23.1,4.3,24.8,82.1,20.4,21.0,10.4,43572,Nebraska,772.5
25.1,7.5,26.6,84.2,24.0,23.2,6.4,25734,Nebraska,857.9
25.5,7.5,19.4,85.5,23.7,27.7,9.5,9993,Nebraska,894.2
22.9,5.9,24.7,77.9,19.3,18.8,10.4,6733,Nebraska,861.9
26.9,6.8,25.7,85.4,15.4,25.1,12.3,11410,Nebraska,812.5
37.3,8.8,26.0,84.3,28.4,22.7,10.8,20349,Nebraska,954.1
17.5,8.3,19.5,84.0,14.7,20.5,16.0,8636,Nebraska,838.8
27.5,5.9,23.0,80.6,24.4,21.4,10.6,24617,Nebraska,836.8
26.6,6.8,25.3,79.0,23.4,28.1,9.6,36078,Nebraska,812.3
22.0,6.1,22.2,82.0,22.8,21.5,10.8,486929,Nebraska,858.9
26.0,7.7,25.8,84.3,22.7,27.6,9.7,23306,Nebraska,828.7
27.5,6.3,24.8,82.9,22.3,23.6,12.1,55104,Nebraska,826.1
29.5,6.0,27.0,77.7,16.5,23.3,8.2,9568,Nebraska,821.3
30.8,5.0,24.4,83.2,17.1,19.6,12.2,10784,Nebraska,729.3
33.2,7.4,24.0,81.2,19.9,21.6,9.5,7925,Nebraska,758.8
25.9,5.5,24.2,76.9,17.4,14.4,7.9,6774,Nebraska,814.4
26.2,7.7,23.6,75.3,22.6,24.5,10.5,8330,Nebraska,848.9
22.8,5.4,21.3,78.8,20.6,20.6,9.5,264814,Nebraska,759.1
22.7,6.7,23.4,82.8,20.9,26.1,10.9,35636,Nebraska,812.9
24.1,5.8,18.5,82.5,20.2,23.8,11.2,35488,Nebraska,783.9
25.0,6.2,25.1,82.1,17.0,30.8,8.4,15509,Nebraska,819.0
28.5,4.7,30.9,79.0,15.4,21.5,9.6,9449,Nebraska,792.9
20.0,5.7,20.7,84.5,16.8,22.0,8.6,31262,Nebraska,750.4
25.5,6.8,21.6,79.5,22.2,22.6,10.7,11060,Nebraska,778.4
22.9,6.2,28.1,82.1,18.5,24.1,8.3,14195,Nebraska,810.8
18.9,5.4,25.0,81.2,19.9,20.3,5.5,139371,Nebraska,868.1
26.1,7.4,23.6,81.2,18.8,23.3,7.5,20458,Nebraska,745.8
25.1,8.8,26.1,77.2,22.1,25.5,14.4,36752,Nebraska,883.1
20.4,6.4,21.7,77.0,15.0,21.5,7.3,16739,Nebraska,776.5
20.6,6.8,28.4,86.4,19.0,20.7,6.1,19772,Nebraska,797.3
21.9,5.0,21.3,79.7,20.7,22.4,11.3,9211,Nebraska,624.9
16.8,6.1,29.0,71.8,18.1,29.9,9.0,14397,Nebraska,737.8
21.6,5.9,20.9,79.0,28.0,29.0,10.4,24556,Nevada,929.3
25.6,7.0,21.6,78.3,25.7,24.8,11.4,1710551,Nevada,924.7
15.5,5.3,15.6,76.7,22.1,28.5,7.2,47017,Nevada,679.5
25.4,5.0,23.2,85.4,26.5,23.3,9.8,45570,Nevada,865.3
20.9,5.8,22.1,79.3,24.1,18.2,10.4,17129,Nevada,927.2
24.7,7.9,22.5,83.9,30.1,34.5,9.7,47515,Nevada,993.1
28.3,9.5,27.7,78.6,28.0,32.6,12.4,40477,Nevada,1004.6
18.6,5.6,18.0,77.9,22.2,23.4,10.0,389872,Nevada,898.7
25.9,5.8,19.1,77.1,23.5,20.7,10.3,56062,Nevada,994.7
21.0,6.4,19.8,74.3,22.7,25.6,7.3,61547,New Hampshire,828.7
20.5,6.8,16.3,69.3,21.8,26.3,7.3,47439,New Hampshire,743.3
17.9,6.5,21.3,71.0,23.3,24.5,7.2,77287,New Hampshire,817.0
28.0,7.3,23.6,73.1,27.9,28.7,9.7,33655,New Hampshire,901.6
17.8,5.6,20.4,68.6,18.8,22.1,7.2,84708,New Hampshire,745.9
21.3,5.8,20.5,73.6,21.5,22.0,6.3,401291,New Hampshire,772.9
19.6,6.2,20.0,70.3,21.2,23.3,6.3,146881,New Hampshire,784.1
20.0,5.8,21.1,71.7,21.5,22.2,4.5,295076,New Hampshire,757.5
22.5,6.4,20.2,70.3,23.0,26.1,8.5,119015,New Hampshire,791.7
20.1,6.0,21.8,72.9,25.1,25.2,7.6,43041,New Hampshire,824.6
29.3,9.3,25.8,73.3,24.5,28.7,10.8,271015,New Jersey,981.1
23.0,5.6,16.2,71.8,16.6,26.4,6.1,902561,New Jersey,691.3
25.2,7.1,21.8,72.7,21.1,24.6,5.8,450743,New Jersey,861.4
28.5,7.0,24.1,76.6,23.3,26.8,10.9,518249,New Jersey,921.3
27.3,9.5,19.9,68.9,24.1,34.2,9.6,99286,New Jersey,869.0
31.9,12.7,24.5,71.8,26.6,31.1,14.9,153252,New Jersey,992.8
30.6,7.8,25.2,70.6,17.8,26.9,14.4,791057,New Jersey,899.8
24.5,8.1,22.4,76.1,22.8,25.8,6.7,276910,New Jersey,962.7
33.7,6.3,21.2,75.9,20.3,24.2,15.0,603521,New Jersey,807.2
16.2,5.8,15.6,75.1,15.3,22.1,3.5,130404,New Jersey,717.0
24.1,6.8,19.7,72.3,17.0,27.2,8.1,366256,New Jersey,797.4
25.1,7.1,19.1,75.6,17.1,24.2,7.4,789516,New Jersey,740.4
22.1,5.5,17.1,72.5,20.3,25.2,6.5,635952,New Jersey,832.2
20.5,5.4,16.3,72.2,15.8,23.5,4.2,490593,New Jersey,750.5
28.4,8.0,22.8,70.7,21.5,29.3,8.1,558341,New Jersey,797.5
31.2,6.9,21.0,75.3,19.1,24.8,12.6,499060,New Jersey,818.4
36.3,7.1,26.8,78.9,24.0,28.8,9.3,66346,New Jersey,963.9
19.3,4.7,17.1,73.7,15.2,24.2,4.7,319900,New Jersey,751.5
23.0,5.3,22.5,70.8,23.2,25.6,4.8,153130,New Jersey,836.5
28.1,7.5,20.7,72.6,19.2,25.8,9.9,531457,New Jersey,776.2
26.3,6.7,24.5,69.4,19.3,24.8,6.1,110376,New Jersey,802.9
18.9,5.4,17.5,78.1,21.0,20.2,14.8,603562,New Mexico,814.8
30.2,9.4,24.1,81.1,23.9,27.2,21.3,61860,New Mexico,917.6
28.3,10.5,26.6,82.9,23.7,17.5,21.3,27620,New Mexico,902.5
24.5,8.4,20.4,80.6,21.5,21.4,15.6,13755,New Mexico,774.6
26.4,5.3,22.4,80.8,25.1,18.6,18.7,45846,New Mexico,916.0
27.7,6.9,22.6,81.1,18.3,19.9,24.5,189444,New Mexico,782.1
30.7,9.4,29.9,80.9,25.2,27.4,17.5,51437,New Mexico,975.1
23.4,9.0,20.2,76.1,20.3,26.5,19.6,29747,New Mexico,836.3
34.6,7.3,27.5,78.6,29.0,22.4,18.6,56719,New Mexico,968.4
22.8,6.7,15.6,77.3,22.8,30.5,15.2,21007,New Mexico,745.0
12.0,3.1,12.8,66.8,11.1,19.7,3.0,18822,New Mexico,648.3
35.9,9.3,25.3,81.0,22.3,31.7,26.2,26498,New Mexico,844.2
22.4,10.4,26.8,72.0,17.0,17.9,30.6,71918,New Mexico,955.7
22.0,8.4,24.8,77.7,25.2,23.2,16.5,63538,New Mexico,855.8
35.3,6.7,24.8,78.7,27.7,24.3,21.2,9259,New Mexico,952.8
28.3,7.7,19.7,78.9,25.4,16.8,17.9,40828,New Mexico,914.1
33.8,6.8,20.5,81.4,24.1,22.5,21.5,18238,New Mexico,826.3
21.7,6.0,22.9,78.3,20.0,21.2,12.0,107460,New Mexico,711.3
21.6,5.9,22.3,77.6,23.5,21.7,18.4,126208,New Mexico,867.9
26.7,7.0,21.5,81.8,26.5,19.1,21.7,29530,New Mexico,895.2
18.1,4.2,14.7,75.5,19.7,18.6,12.3,140855,New Mexico,680.2
27.8,10.4,19.8,77.8,25.4,27.0,25.1,18148,New Mexico,879.0
21.0,5.8,17.7,72.1,20.3,21.1,19.4,31722,New Mexico,743.4
27.7,6.2,22.0,79.8,24.9,22.3,16.6,69417,New Mexico,855.1
25.9,6.8,20.0,69.7,21.9,28.8,10.8,297414,New York,817.7
35.5,9.2,24.4,73.8,19.6,24.5,26.8,1357589,New York,884.6
20.9,8.8,23.2,76.5,25.9,31.7,12.9,196947,New York,807.9
25.8,7.1,25.8,76.1,24.3,30.4,14.9,136409,New York,857.9
23.8,9.2,27.9,79.0,25.9,29.8,13.5,89512,New York,863.3
26.6,6.6,22.0,71.9,24.4,24.8,12.6,82047,New York,871.8
23.6,8.2,20.8,73.2,21.7,26.0,8.0,294849,New York,798.9
23.9,8.1,23.9,73.7,22.7,26.3,13.0,930703,New York,856.2
26.7,9.0,17.3,74.6,24.2,21.3,9.1,59257,New York,836.9
21.7,8.2,25.9,70.1,34.2,31.1,14.5,116384,New York,826.7
34.6,8.8,23.0,73.5,18.7,23.6,23.3,2486235,New York,765.3
23.6,7.3,22.2,72.6,22.2,26.1,12.7,733366,New York,772.7
25.3,6.0,16.6,73.0,18.1,24.5,5.9,1333137,New York,723.1
24.5,6.6,15.9,71.0,18.7,23.1,18.6,1593200,New York,707.5
24.4,7.1,25.4,75.5,26.5,27.8,11.4,217008,New York,894.1
23.4,7.4,21.1,74.4,23.3,34.1,12.8,234105,New York,851.0
22.5,6.4,22.8,72.3,21.7,26.4,12.1,458053,New York,801.8
16.9,6.2,19.3,68.5,16.1,21.3,8.4,104461,New York,816.6
25.4,6.5,23.9,75.9,23.2,28.1,10.5,372893,New York,828.0
25.7,5.8,26.6,82.8,32.1,20.3,13.0,123373,New York,914.6
33.5,6.3,17.1,73.9,16.6,22.9,15.4,2241600,New York,673.9
20.4,9.8,23.0,74.2,25.1,33.2,9.8,155251,New York,888.1
28.3,6.6,22.6,77.8,27.3,20.9,10.1,464573,New York,839.9
28.1,8.7,18.1,71.4,17.8,28.6,9.7,292916,New York,771.2
25.8,10.6,25.0,74.2,25.2,32.1,15.2,111380,New York,927.9
18.4,6.5,20.4,76.4,23.4,22.6,6.3,214859,New York,748.9
23.2,9.0,25.2,67.9,21.4,30.8,11.6,149078,New York,803.3
25.2,7.9,25.5,84.1,35.1,27.1,13.6,98632,New York,887.7
27.5,6.3,19.8,73.7,20.9,25.2,7.3,1474927,New York,818.2
25.2,9.7,22.6,76.7,30.9,24.5,13.5,76539,New York,941.3
17.4,4.8,18.8,63.1,16.3,25.2,12.9,100018,New York,749.6
21.4,9.5,22.7,71.6,23.2,30.6,10.6,182693,New York,822.7
28.5,8.1,24.9,69.8,29.6,25.6,10.1,93609,New York,855.3
22.7,6.7,15.2,67.3,13.9,22.7,8.7,940807,New York,695.6
25.5,9.1,25.1,81.1,30.2,27.9,11.3,140533,North Carolina,900.0
30.3,7.6,20.7,72.4,28.4,28.1,14.0,25347,North Carolina,881.5
37.9,11.3,33.8,83.5,22.8,21.0,19.2,32938,North Carolina,1136.4
25.9,9.8,25.8,75.1,28.7,24.0,13.3,89162,North Carolina,868.9
22.8,6.9,21.6,72.3,25.1,26.4,13.4,218876,North Carolina,875.6
25.5,7.0,26.5,78.4,33.5,26.0,13.6,89399,North Carolina,884.7
27.9,10.9,25.1,73.7,23.4,23.8,10.2,150244,North Carolina,930.8
31.1,10.3,27.8,84.6,24.7,36.9,13.0,79122,North Carolina,953.0
24.9,8.3,24.5,76.0,21.6,29.8,11.7,62525,North Carolina,946.2
26.8,7.1,24.6,83.1,22.4,30.7,10.9,151641,North Carolina,922.1
39.1,11.5,30.0,87.2,28.2,32.4,20.3,54746,North Carolina,1107.0
20.9,9.0,22.5,73.9,22.4,28.0,13.7,90795,North Carolina,949.4
24.6,7.2,23.5,80.0,27.7,30.7,16.6,304520,North Carolina,1007.4
19.7,6.2,15.9,74.7,30.0,24.7,7.9,33903,North Carolina,857.9
32.2,10.0,26.6,80.4,27.1,28.2,12.7,154623,North Carolina,931.7
23.6,4.3,21.1,66.8,19.4,24.9,14.2,242582,North Carolina,874.3
21.6,7.1,23.0,73.9,23.9,29.1,13.2,325967,North Carolina,883.9
30.4,12.2,28.6,86.8,28.4,28.6,14.2,196137,North Carolina,1036.1
23.7,8.2,22.1,74.7,21.2,28.5,14.3,443519,North Carolina,845.7
33.8,9.3,34.0,85.1,20.6,33.5,22.1,56023,North Carolina,1037.4
26.2,7.3,26.5,75.2,26.8,23.6,15.2,103692,North Carolina,959.0
31.6,8.6,23.7,70.8,30.4,36.9,13.3,56482,North Carolina,873.3
23.8,6.1,19.6,71.6,23.6,28.0,11.4,97217,North Carolina,785.4
25.2,6.4,24.3,78.4,27.2,28.8,10.2,140924,North Carolina,897.1
31.9,7.9,25.1,76.5,26.0,24.2,12.6,146437,North Carolina,942.6
30.6,8.0,23.8,79.8,26.5,33.5,13.2,55704,North Carolina,938.2
22.2,5.3,20.4,77.5,18.6,24.0,12.0,796372,North Carolina,848.6
29.0,5.3,27.0,74.9,21.2,41.0,12.2,81685,North Carolina,771.2
31.6,7.8,27.3,78.2,25.5,31.7,14.2,91378,North Carolina,1022.8
20.4,7.3,20.9,75.9,21.7,26.1,13.4,179553,North Carolina,864.7
23.1,5.1,19.0,68.8,33.0,20.4,16.7,152440,North Carolina,945.2
15.2,4.9,19.0,67.4,16.7,20.8,11.6,118386,North Carolina,788.6
26.1,8.6,25.4,83.9,24.7,27.6,17.5,142570,North Carolina,966.8
26.7,6.3,24.7,77.0,26.7,25.3,11.0,138367,North Carolina,885.2
43.6,11.9,31.5,86.8,30.2,29.5,22.4,127586,North Carolina,1179.6
27.9,8.1,29.3,70.6,34.5,29.3,12.9,92614,North Carolina,982.9
33.2,10.6,25.1,80.6,28.9,36.6,12.1,135099,North Carolina,908.9
30.7,5.3,19.4,72.4,20.6,28.0,15.2,63771,North Carolina,975.5
41.2,9.6,32.1,81.5,27.3,33.6,16.9,63063,North Carolina,1044.4
24.9,8.4,20.9,72.9,24.7,21.3,12.4,58964,North Carolina,958.4
35.5,9.1,26.2,81.2,30.8,33.1,14.3,72601,North Carolina,904.7
24.8,4.3,28.8,75.0,22.2,24.7,9.3,162929,North Carolina,896.4
18.1,4.9,19.4,77.4,17.7,19.9,8.7,748815,North Carolina,787.0
22.3,8.0,15.6,64.7,28.3,23.8,14.7,42472,North Carolina,791.1
32.1,11.7,25.0,80.3,30.0,36.0,15.0,114448,North Carolina,1031.8
29.6,9.8,23.1,74.5,23.7,31.4,13.6,67390,North Carolina,924.4
28.8,12.7,31.1,79.2,23.1,41.1,16.7,76281,North Carolina,1009.7
34.8,7.6,22.9,76.6,30.8,22.3,11.3,37668,North Carolina,942.9
21.9,5.4,24.7,73.9,20.4,32.2,10.3,11075,North Dakota,798.1
38.9,9.6,19.0,76.8,24.0,28.5,22.5,6999,North Dakota,913.0
25.5,3.1,22.9,79.1,21.7,31.0,10.5,6741,North Dakota,770.9
18.2,5.3,20.9,79.8,19.3,19.5,8.5,73818,North Dakota,722.7
18.9,4.9,20.9,80.2,21.3,20.2,8.7,131019,North Dakota,748.2
35.2,7.1,20.6,77.8,14.0,25.3,12.5,5487,North Dakota,773.4
18.8,5.0,20.7,78.1,20.5,19.1,11.0,65940,North Dakota,791.7
29.5,12.4,28.1,72.9,17.0,28.8,13.3,5511,North Dakota,702.9
28.0,6.7,31.8,73.3,27.5,27.5,13.7,5594,North Dakota,873.2
29.6,7.1,25.8,77.5,20.1,27.5,11.6,8604,North Dakota,818.8
21.4,5.7,28.7,77.5,24.0,21.6,7.4,8364,North Dakota,768.3
23.9,5.5,25.6,79.3,22.8,26.8,9.5,25528,North Dakota,778.4
34.8,7.1,33.2,73.8,29.2,24.0,13.6,6513,North Dakota,993.5
25.8,8.0,24.2,72.0,16.7,27.7,8.6,8038,North Dakota,754.4
26.4,8.2,22.2,86.1,21.8,30.4,11.0,4291,North Dakota,735.0
24.0,7.2,25.8,80.3,24.5,23.1,12.7,11429,North Dakota,870.2
28.4,6.6,24.2,73.9,21.0,30.8,8.2,5810,North Dakota,920.4
23.9,3.7,24.8,78.2,23.0,23.0,9.7,17340,North Dakota,714.8
29.3,13.7,37.2,81.0,35.6,21.9,23.9,13864,North Dakota,1059.7
31.7,4.6,23.2,74.0,21.2,25.8,7.5,4150,North Dakota,730.1
18.4,4.5,22.6,75.4,19.5,23.3,11.3,22073,North Dakota,730.9
22.8,7.8,25.6,78.4,19.6,31.2,10.6,20835,North Dakota,777.5
21.1,6.4,27.9,79.3,14.3,18.1,8.8,8321,North Dakota,819.3
25.9,8.5,19.3,78.1,24.9,27.7,10.6,11607,North Dakota,886.6
21.6,5.6,22.5,78.4,22.2,22.4,10.1,55767,North Dakota,801.2
27.6,6.4,29.1,73.6,14.1,33.1,11.2,4574,North Dakota,790.2
21.4,5.0,24.3,77.8,24.9,26.7,11.2,19282,North Dakota,810.5
23.2,6.8,28.8,76.6,25.2,24.5,8.9,350412,Ohio,941.4
21.1,8.9,35.5,73.0,24.0,28.7,11.3,142376,Ohio,996.1
20.0,4.1,22.4,74.6,24.0,20.1,6.9,190589,Ohio,901.7
28.4,7.1,19.2,76.9,27.8,22.3,11.5,110928,Ohio,931.7
24.6,7.5,23.6,77.3,23.9,26.0,13.5,1335317,Ohio,896.6
12.7,5.6,20.2,74.7,17.6,22.7,4.6,150268,Ohio,819.6
22.4,8.3,23.5,75.0,21.3,27.5,6.9,138423,Ohio,860.0
23.0,6.2,23.3,76.7,24.4,22.9,12.0,1090771,Ohio,943.5
19.5,8.5,22.6,72.8,20.4,21.2,8.2,151996,Ohio,829.9
23.0,7.6,22.5,73.5,22.6,24.7,11.5,806652,Ohio,916.1
23.9,8.1,15.8,80.0,32.8,19.5,6.3,232466,Ohio,832.1
26.5,9.3,27.9,77.7,28.7,25.2,8.4,154806,Ohio,925.6
27.2,6.8,25.8,78.6,26.7,26.7,9.8,296307,Ohio,879.9
26.6,8.6,25.9,79.8,27.7,23.4,12.8,448229,Ohio,943.9
27.5,7.4,22.5,78.1,23.1,25.3,12.9,254274,Ohio,905.2
21.0,6.5,21.3,74.0,21.4,20.6,5.4,167010,Ohio,808.9
16.3,6.8,29.7,77.1,22.0,24.1,8.1,101619,Ohio,865.8
25.0,8.0,24.2,76.6,22.5,25.7,11.2,547435,Ohio,927.6
16.6,4.6,21.7,77.1,24.1,21.1,8.6,155631,Ohio,841.7
27.0,6.4,22.4,77.2,23.6,25.3,11.1,127949,Ohio,849.7
29.6,8.1,22.8,77.1,24.4,27.1,9.8,380608,Ohio,864.9
24.9,6.9,21.0,77.0,28.0,24.1,11.1,546604,Ohio,894.0
25.8,7.8,30.1,79.1,25.0,32.4,11.0,219296,Ohio,889.2
28.9,7.3,33.9,85.0,23.5,26.1,9.7,91944,Ohio,861.3
19.3,6.2,19.2,72.5,19.4,20.3,5.1,196622,Ohio,879.2
26.5,9.5,19.9,75.5,32.7,23.7,11.2,62210,Ohio,942.9
29.7,9.2,24.3,80.4,26.0,22.5,8.6,113697,Ohio,822.7
23.4,5.9,24.0,83.1,17.4,24.2,7.7,123929,Ohio,830.4
39.7,9.4,31.3,82.8,30.2,45.6,19.9,21988,Oklahoma,1154.0
34.3,9.1,24.1,82.8,32.0,32.6,16.1,18880,Oklahoma,1073.0
34.7,7.9,20.9,85.6,34.5,34.3,17.2,37815,Oklahoma,1013.5
31.9,10.5,28.5,86.8,26.7,41.0,18.8,30229,Oklahoma,1103.6
25.1,5.8,21.7,84.3,26.4,24.2,9.2,98701,Oklahoma,908.8
35.9,7.8,22.0,84.9,24.8,33.2,15.8,47125,Oklahoma,1050.7
33.2,8.9,26.1,83.9,25.8,30.6,19.2,44671,Oklahoma,997.0
35.9,7.6,22.3,81.4,29.6,32.5,22.0,15297,Oklahoma,1062.8
23.4,4.7,20.0,84.4,23.1,24.1,10.2,224898,Oklahoma,862.4
30.1,8.8,23.7,83.3,29.9,28.9,16.6,112429,Oklahoma,975.8
39.5,7.7,22.5,85.0,27.7,32.4,15.2,15078,Oklahoma,1037.1
34.7,6.6,26.7,84.8,25.2,32.6,13.8,68708,Oklahoma,1046.8
28.7,7.2,24.3,81.7,22.7,29.6,16.3,25208,Oklahoma,1015.5
39.1,11.2,25.0,86.8,29.4,31.0,16.9,39146,Oklahoma,987.7
28.0,7.0,28.8,84.5,26.5,27.7,14.1,56958,Oklahoma,959.4
35.5,10.8,25.0,81.3,27.0,34.6,15.8,27228,Oklahoma,1002.1
29.6,6.9,26.7,83.9,21.4,26.5,12.6,49369,Oklahoma,992.3
32.0,6.2,22.7,88.0,29.8,31.8,19.4,13835,Oklahoma,1035.0
30.6,10.4,25.4,77.9,25.5,30.4,14.9,26518,Oklahoma,1000.6
29.9,9.5,25.4,83.3,25.6,30.6,15.9,46480,Oklahoma,988.6
29.1,5.0,27.0,75.4,22.0,31.2,10.5,14302,Oklahoma,915.8
38.3,10.7,27.5,84.9,27.3,26.4,18.7,49528,Oklahoma,1094.8
34.9,9.0,30.8,82.7,29.6,30.5,14.0,32311,Oklahoma,995.2
33.8,6.2,25.2,89.8,25.5,27.0,13.1,36894,Oklahoma,940.4
28.2,6.9,25.7,82.2,22.8,27.4,10.9,30096,Oklahoma,1000.2
35.9,7.2,29.9,85.5,24.0,33.9,21.5,33992,Oklahoma,1164.4
40.5,9.3,26.1,85.8,35.6,43.8,18.1,19965,Oklahoma,989.6
31.8,9.4,23.7,90.6,28.2,28.5,15.4,39471,Oklahoma,991.7
31.2,11.1,19.2,78.8,34.2,30.7,14.5,12880,Oklahoma,1061.9
36.1,9.2,28.0,85.9,26.8,33.6,17.8,70607,Oklahoma,993.7
33.1,12.2,33.6,89.3,24.0,32.2,14.3,10864,Oklahoma,934.7
33.5,13.9,23.3,85.8,29.6,31.0,20.5,11434,Oklahoma,1058.1
30.6,7.0,22.8,83.9,24.2,25.5,15.5,684543,Oklahoma,997.4
37.7,10.4,28.5,80.3,29.9,35.3,18.3,39732,Oklahoma,1036.5
33.2,10.4,30.7,88.1,25.7,36.8,13.1,45416,Oklahoma,839.4
32.1,10.8,25.3,83.2,30.6,33.3,16.5,32866,Oklahoma,1077.7
23.3,6.0,21.2,85.0,19.5,24.2,17.0,69151,Oklahoma,856.0
33.8,7.2,26.3,82.6,28.6,36.4,16.5,44641,Oklahoma,982.6
30.0,7.1,25.8,88.5,29.3,35.2,17.0,35346,Oklahoma,1086.1
31.7,9.5,27.0,83.7,29.8,27.7,15.0,68272,Oklahoma,1053.4
29.2,8.9,23.7,88.9,27.5,29.0,9.4,80757,Oklahoma,912.3
35.0,8.6,31.2,82.4,33.7,34.8,20.9,24770,Oklahoma,1118.8
33.1,10.2,27.7,84.8,26.8,36.5,18.2,40868,Oklahoma,1026.4
36.6,10.2,28.3,86.3,23.2,32.3,14.3,42946,Oklahoma,1020.3
30.4,5.5,20.6,84.0,24.8,21.0,11.9,20112,Oklahoma,888.3
27.6,6.9,22.1,83.7,23.0,26.8,13.2,572059,Oklahoma,989.8
28.4,7.9,24.7,89.2,28.0,30.6,10.2,64183,Oklahoma,827.4
29.6,9.9,20.1,77.9,24.9,33.8,12.2,49149,Oklahoma,886.1
28.0,9.0,29.8,84.1,26.7,30.8,12.8,19088,Oklahoma,909.3
14.5,4.1,14.6,71.1,14.2,18.8,11.4,78640,Oregon,666.3
15.8,4.5,20.6,74.3,18.9,22.0,8.4,368470,Oregon,787.2
15.6,7.7,22.6,75.4,26.8,21.7,12.2,36798,Oregon,894.9
16.7,7.7,28.7,77.6,23.3,31.2,8.6,48065,Oregon,922.5
21.8,9.4,23.1,73.0,25.3,32.0,15.0,64711,Oregon,950.8
20.9,8.1,17.5,64.0,21.8,32.3,12.4,22427,Oregon,875.4
13.9,4.5,16.4,75.0,15.5,22.2,10.3,141382,Oregon,757.4
23.1,7.8,27.5,79.3,27.5,34.0,14.0,104202,Oregon,883.1
16.5,7.4,21.5,75.0,21.8,26.8,13.3,195322,Oregon,814.0
26.8,10.4,30.5,76.4,22.0,27.2,14.4,20100,Oregon,949.1
20.7,7.4,23.0,72.6,27.1,28.0,15.2,80761,Oregon,879.5
23.6,7.1,24.2,76.2,24.7,29.8,15.3,66192,Oregon,930.9
17.5,5.9,22.5,75.7,20.5,24.7,13.8,335180,Oregon,792.0
20.1,8.2,25.0,79.2,25.3,32.5,14.1,45994,Oregon,897.6
21.0,7.8,29.9,75.5,21.9,26.2,11.9,108914,Oregon,817.7
30.0,6.3,28.1,78.7,15.4,27.2,18.3,31330,Oregon,763.9
20.9,7.7,25.2,74.9,19.3,24.4,14.1,305265,Oregon,843.1
16.1,6.0,19.4,72.6,20.9,21.2,12.9,672906,Oregon,894.4
19.2,6.3,20.0,73.4,15.5,23.6,10.3,70295,Oregon,670.8
22.7,4.3,22.7,72.8,19.9,28.7,11.7,25277,Oregon,843.9
25.9,7.0,26.1,79.6,23.1,28.0,13.8,73878,Oregon,848.0
20.0,5.3,21.0,78.6,22.5,25.3,13.0,24540,Oregon,795.0
23.6,8.0,24.6,76.0,21.8,27.7,13.4,23593,Oregon,924.2
15.5,5.0,19.6,71.8,16.3,20.2,8.7,499794,Oregon,732.4
21.2,7.0,26.0,73.8,19.4,21.3,10.9,92196,Oregon,800.0
22.7,9.1,26.5,73.4,21.8,24.3,7.5,99749,Pennsylvania,844.6
23.1,8.4,20.9,73.6,23.8,26.9,10.8,1235841,Pennsylvania,876.8
31.7,11.5,31.5,80.9,27.5,29.0,11.1,70586,Pennsylvania,889.4
26.4,10.0,25.7,76.0,24.8,27.6,10.5,177377,Pennsylvania,868.6
24.4,8.6,25.1,69.6,19.0,27.6,10.1,396314,Pennsylvania,801.2
25.3,10.6,23.2,80.3,28.4,27.5,12.3,126795,Pennsylvania,951.4
21.3,6.3,18.4,71.9,18.2,24.7,5.6,621342,Pennsylvania,817.7
19.8,7.4,25.2,75.3,19.1,27.0,8.2,182087,Pennsylvania,836.9
26.5,7.8,26.1,81.9,24.7,28.0,11.8,148073,Pennsylvania,854.0
15.5,5.4,21.8,66.6,17.9,21.5,11.5,140561,Pennsylvania,781.6
17.8,6.0,15.4,74.0,18.9,24.9,5.3,474027,Pennsylvania,754.3
25.6,9.6,26.6,78.5,21.4,35.4,12.8,82783,Pennsylvania,836.9
24.4,5.8,25.8,80.5,26.0,33.2,12.3,89442,Pennsylvania,874.8
21.1,7.0,22.0,73.8,22.5,26.3,6.2,223089,Pennsylvania,778.5
22.0,7.4,26.9,77.4,24.8,29.6,8.9,253995,Pennsylvania,858.0
24.5,7.0,24.5,76.1,24.0,28.5,8.9,555648,Pennsylvania,845.6
24.8,7.9,21.5,78.4,29.4,25.0,12.6,280446,Pennsylvania,824.9
29.5,8.5,29.8,79.9,26.6,27.6,15.9,146142,Pennsylvania,898.0
22.9,6.3,26.0,75.2,20.1,26.6,8.2,137409,Pennsylvania,768.9
22.3,7.5,21.9,83.7,24.3,23.1,14.2,88703,Pennsylvania,863.5
26.0,7.4,21.6,72.0,28.8,32.1,10.2,209525,Pennsylvania,903.1
24.8,6.8,22.2,73.9,22.1,21.7,8.3,490562,Pennsylvania,769.1
29.2,9.3,27.0,82.9,26.0,28.0,12.2,92809,Pennsylvania,865.2
22.1,7.2,24.1,72.5,29.1,21.8,8.7,125578,Pennsylvania,791.1
21.6,6.4,25.0,77.7,26.9,23.5,9.6,330433,Pennsylvania,782.1
26.1,10.1,23.7,76.1,28.7,30.1,10.8,312861,Pennsylvania,933.3
22.5,10.2,27.8,81.9,28.7,29.2,11.3,118395,Pennsylvania,814.7
25.9,9.5,25.7,81.8,28.6,25.2,12.3,119598,Pennsylvania,850.7
23.7,7.3,25.9,72.3,23.9,27.3,8.7,163234,Pennsylvania,858.8
17.2,6.4,17.1,73.0,19.0,26.4,5.5,775883,Pennsylvania,757.1
22.6,7.6,24.7,73.4,19.8,28.6,7.7,287767,Pennsylvania,756.5
23.4,7.2,27.8,85.1,26.1,27.3,10.2,92610,Pennsylvania,870.4
22.6,7.5,28.3,75.7,24.8,17.5,7.9,44728,Pennsylvania,911.1
28.4,8.4,26.4,74.5,28.0,30.4,20.1,1463281,Pennsylvania,1046.6
23.8,7.7,24.5,84.3,24.7,24.5,10.3,147447,Pennsylvania,930.5
23.1,3.2,21.1,79.5,22.6,24.8,12.3,78907,Pennsylvania,851.1
27.8,6.3,28.0,78.3,27.1,21.7,12.0,41649,Pennsylvania,829.8
23.7,7.4,19.3,79.4,29.4,26.4,13.1,55928,Pennsylvania,918.1
28.5,9.0,25.4,76.6,25.5,29.7,9.7,206406,Pennsylvania,872.9
25.5,10.0,27.5,75.5,23.2,32.5,9.4,367635,Pennsylvania,848.9
23.5,6.9,23.3,75.0,21.3,24.6,7.5,408801,Pennsylvania,769.0
20.1,6.0,17.2,69.6,17.7,29.7,7.0,52743,Rhode Island,771.5
24.9,6.4,20.4,74.1,23.5,28.3,6.7,171590,Rhode Island,849.1
18.6,6.4,14.9,68.4,20.8,29.4,8.0,83740,Rhode Island,732.0
28.0,7.0,20.0,73.3,22.4,26.7,14.4,639653,Rhode Island,816.4
18.8,5.4,17.2,68.8,19.4,25.0,6.1,128463,Rhode Island,691.3
29.1,13.4,25.1,85.5,31.6,29.8,13.6,26133,South Carolina,857.7
25.3,10.9,27.0,77.2,26.5,35.0,13.5,150181,South Carolina,978.3
25.7,9.4,26.7,78.7,24.7,32.3,11.9,175514,South Carolina,996.0
30.6,6.6,28.8,76.0,23.5,31.7,17.2,23345,South Carolina,1074.6
17.4,7.4,16.8,72.9,21.0,30.5,11.1,137849,South Carolina,728.8
24.4,10.0,27.4,79.6,25.8,23.7,11.7,151673,South Carolina,926.0
20.7,8.3,21.0,74.0,22.0,25.2,14.1,330368,South Carolina,918.4
36.9,8.4,25.7,81.3,27.1,30.4,14.8,53844,South Carolina,1066.2
35.5,9.5,27.3,85.1,29.2,31.1,17.2,43435,South Carolina,1042.5
33.6,10.7,23.5,81.1,26.6,34.6,21.3,33363,South Carolina,971.0
28.5,11.9,32.8,83.6,29.2,30.2,18.6,39605,South Carolina,1013.7
28.1,11.6,28.6,83.0,27.2,32.6,18.2,67346,South Carolina,1119.1
36.9,8.5,28.0,82.7,25.5,28.7,20.4,30974,South Carolina,1172.1
25.3,7.1,27.0,80.2,22.1,26.5,11.2,112858,South Carolina,961.8
30.0,9.7,27.4,80.4,26.5,29.8,16.3,131097,South Carolina,1034.7
20.8,6.8,24.9,77.5,22.6,32.7,14.7,60983,South Carolina,886.3
21.5,7.3,21.8,75.5,21.1,25.7,12.0,407383,South Carolina,898.9
25.8,9.2,28.4,74.7,20.9,29.1,13.9,67979,South Carolina,956.4
22.3,7.7,25.1,75.5,31.3,28.6,13.1,226992,South Carolina,889.7
29.9,10.6,29.3,82.5,31.6,34.4,12.0,56486,South Carolina,954.1
30.0,8.4,28.5,73.0,24.7,27.9,13.7,63113,South Carolina,1008.3
30.1,9.8,30.8,80.2,28.2,35.3,14.8,70293,South Carolina,1013.2
20.7,6.7,23.1,75.5,25.0,26.2,10.5,235272,South Carolina,907.5
31.7,11.5,34.9,77.2,25.9,44.6,20.5,34904,South Carolina,1121.1
43.3,10.9,35.4,80.4,35.7,36.8,20.2,28021,South Carolina,1235.8
34.0,11.4,25.4,79.0,23.5,36.0,14.6,37250,South Carolina,952.1
22.9,9.1,22.4,74.1,23.5,30.7,11.7,69577,South Carolina,883.3
30.0,9.9,35.2,79.5,21.0,35.7,19.8,92167,South Carolina,1015.9
26.4,7.8,20.1,77.1,24.1,25.0,11.5,113575,South Carolina,856.5
20.1,7.9,22.2,73.6,20.1,25.5,13.9,340078,South Carolina,960.2
27.9,8.2,25.1,76.8,25.3,28.3,12.9,266809,South Carolina,989.7
27.6,9.7,27.5,75.7,24.1,26.9,16.3,105517,South Carolina,951.6
32.4,12.5,31.9,82.3,28.5,42.5,14.3,28539,South Carolina,1027.7
23.0,7.6,22.2,75.9,25.1,27.1,11.3,190097,South Carolina,925.9
32.1,7.0,24.3,82.7,14.6,34.1,11.7,2901,South Dakota,816.3
25.2,7.7,25.1,81.7,20.3,27.8,11.9,15896,South Dakota,775.1
22.4,5.1,22.7,80.3,28.8,33.4,27.4,3585,South Dakota,1017.7
27.9,6.0,22.3,73.8,16.0,31.4,13.0,7087,South Dakota,701.0
19.5,3.9,21.2,82.3,18.2,17.3,12.5,28121,South Dakota,689.0
21.9,6.7,24.9,82.3,20.3,23.7,10.1,34706,South Dakota,773.8
29.7,10.2,26.1,78.9,18.6,29.2,11.5,5187,South Dakota,717.7
28.1,8.0,25.4,78.1,25.0,27.5,13.8,9326,South Dakota,894.0
25.1,10.1,28.7,80.5,21.2,27.5,21.3,9194,South Dakota,865.7
16.3,3.9,22.8,78.3,18.5,19.9,17.7,12995,South Dakota,837.2
23.8,5.0,23.0,82.1,23.8,21.7,10.4,26010,South Dakota,758.3
34.2,13.8,38.3,82.4,28.5,23.8,27.5,4366,South Dakota,1128.9
24.0,6.7,18.7,76.5,20.1,30.9,9.9,7904,South Dakota,815.3
25.5,6.9,20.2,82.1,21.8,21.4,10.8,18777,South Dakota,777.0
27.4,4.9,24.0,73.1,19.4,31.2,13.1,5757,South Dakota,924.0
22.4,7.7,21.2,78.6,16.7,22.6,9.5,4296,South Dakota,720.6
25.9,12.1,31.4,79.4,38.9,25.7,25.1,6161,South Dakota,1109.8
32.9,6.2,18.7,81.7,17.0,23.3,11.5,3309,South Dakota,677.2
32.5,9.0,30.4,86.0,14.5,38.4,10.5,4112,South Dakota,736.1
22.8,10.9,25.0,77.9,19.7,34.4,14.1,7355,South Dakota,954.0
28.6,7.0,25.0,75.0,16.5,31.4,9.7,7384,South Dakota,807.1
31.7,8.5,26.3,81.6,17.2,31.5,16.5,4290,South Dakota,759.5
30.9,11.3,20.3,82.6,13.0,31.9,11.7,1912,South Dakota,769.5
24.5,5.1,23.4,77.7,23.3,23.8,10.6,5707,South Dakota,806.9
34.5,8.9,27.5,76.8,12.3,31.0,9.4,3307,South Dakota,672.0
19.7,6.8,23.9,80.3,17.3,27.7,9.9,16875,South Dakota,760.8
28.2,5.7,21.9,73.9,13.1,25.0,11.6,7581,South Dakota,759.7
32.7,6.2,26.4,74.0,14.3,29.8,12.8,2136,South Dakota,687.1
37.5,7.4,30.3,82.2,17.3,34.4,9.4,5532,South Dakota,840.4
25.6,5.6,23.5,83.7,22.5,25.1,10.5,11039,South Dakota,735.6
17.0,6.2,14.5,78.1,20.5,23.4,11.9,22395,South Dakota,763.4
19.8,4.3,18.9,83.9,20.6,18.7,4.4,33381,South Dakota,709.7
31.1,7.2,29.3,74.0,30.4,17.5,18.6,3919,South Dakota,924.3
23.1,6.2,22.9,81.0,15.9,24.2,9.7,5930,South Dakota,823.7
33.2,7.4,31.1,80.0,20.0,32.4,11.2,4418,South Dakota,696.4
20.5,5.0,21.5,83.2,22.3,26.3,10.1,24623,South Dakota,824.7
20.0,5.3,21.7,82.1,22.3,22.6,9.7,160087,South Dakota,770.1
21.2,8.8,25.8,77.5,22.5,25.7,9.3,6637,South Dakota,771.6
20.2,5.4,19.0,77.8,23.2,23.8,13.1,93580,South Dakota,806.4
31.8,7.4,21.3,78.0,13.7,28.2,13.8,3023,South Dakota,774.4
31.8,9.6,22.2,80.1,23.1,28.2,10.4,2351,South Dakota,831.5
31.1,9.0,26.9,80.1,27.6,30.7,18.0,10044,South Dakota,963.0
21.7,9.8,29.7,77.3,42.4,21.1,35.6,13657,South Dakota,1869.6
26.1,8.6,27.8,78.5,19.1,31.8,11.9,6899,South Dakota,817.2
26.0,8.7,25.3,84.9,19.1,31.1,8.5,2829,South Dakota,806.8
29.8,13.7,36.4,75.2,39.9,26.4,33.7,9882,South Dakota,1393.0
30.7,7.1,29.4,79.7,18.9,23.4,16.8,6065,South Dakota,805.6
25.0,5.7,19.6,81.8,25.4,23.1,8.3,8520,South Dakota,795.0
23.1,5.7,23.7,83.1,18.3,23.8,6.3,13462,South Dakota,771.3
26.7,6.8,26.5,74.7,24.8,23.4,15.7,5494,South Dakota,962.9
21.3,7.4,23.0,76.4,21.1,26.2,11.6,21718,South Dakota,750.6
32.6,12.4,25.3,71.2,25.4,34.7,13.1,72430,Tennessee,900.7
28.5,8.7,28.2,63.3,28.5,31.0,10.3,115535,Tennessee,967.6
31.6,10.3,28.9,77.2,20.4,30.9,12.5,92092,Tennessee,976.6
40.9,12.1,29.0,65.7,28.3,32.0,16.6,58865,Tennessee,969.9
33.9,9.5,21.4,74.4,22.6,36.7,13.2,50869,Tennessee,1015.7
28.5,7.5,28.7,71.8,24.9,34.4,14.1,51346,Tennessee,832.5
27.9,7.5,23.4,69.6,22.4,27.0,13.5,575261,Tennessee,981.9
33.1,9.9,29.4,76.5,32.8,38.9,15.3,37829,Tennessee,1101.8
35.8,5.1,24.6,78.4,36.3,37.1,12.5,41003,Tennessee,927.1
38.2,7.3,28.6,77.4,34.9,36.6,13.7,48148,Tennessee,1121.7
43.2,10.6,29.3,71.1,27.3,33.2,14.1,65318,Tennessee,1032.3
41.6,13.3,25.9,71.4,26.6,32.3,13.9,59898,Tennessee,1031.9
27.3,8.6,25.2,67.4,22.0,27.0,13.3,310935,Tennessee,944.4
42.1,10.1,18.3,70.3,24.6,27.0,14.1,56196,Tennessee,947.1
25.6,9.0,22.4,69.3,23.5,25.7,12.7,404972,Tennessee,929.8
37.3,13.3,32.7,71.4,34.7,34.9,14.4,41101,Tennessee,955.0
39.4,8.4,31.7,75.6,31.3,34.0,13.2,32392,Tennessee,1009.3
27.5,13.0,25.6,72.8,25.9,26.7,10.4,43387,Tennessee,938.1
33.6,10.1,24.7,67.8,27.2,38.7,13.8,51327,Tennessee,991.5
30.3,7.4,30.3,68.6,19.5,28.1,14.0,94916,Tennessee,953.5
30.7,8.0,25.8,68.0,26.7,23.8,11.6,76292,Tennessee,1025.0
24.7,6.6,20.0,68.3,27.1,25.2,12.3,147202,Tennessee,941.9
41.9,4.3,27.5,69.8,29.6,37.2,12.8,32213,Tennessee,990.5
26.2,6.6,20.1,69.9,28.9,27.2,14.2,66580,Tennessee,978.4
34.9,10.1,25.5,75.7,23.9,36.4,13.2,52889,Tennessee,974.1
32.8,7.8,28.1,65.4,24.6,22.6,9.7,60379,Tennessee,1032.9
26.6,7.3,25.1,68.4,24.6,26.9,9.2,218292,Tennessee,931.2
30.9,11.7,30.5,71.1,28.5,27.3,12.4,79282,Tennessee,939.8
32.0,7.7,27.8,72.1,21.3,28.6,16.6,909035,Tennessee,1039.4
33.7,11.9,25.0,65.0,23.8,36.4,12.8,152716,Tennessee,986.6
28.9,9.1,21.8,69.1,28.4,24.6,9.5,145009,Tennessee,906.8
40.5,9.4,30.6,78.0,36.8,32.5,11.5,55998,Tennessee,1047.4
34.5,8.1,21.3,74.1,27.6,27.8,13.6,112507,Tennessee,964.9
17.8,5.6,15.2,67.2,17.2,20.2,5.1,153595,Tennessee,805.3
22.6,7.1,24.0,71.6,29.1,27.5,7.9,100508,Tennessee,964.9
27.3,7.9,25.3,76.4,31.0,20.0,14.8,256057,Texas,871.8
26.1,9.1,30.6,77.9,19.5,25.5,17.6,1518370,Texas,849.8
25.2,3.8,32.0,76.4,22.8,25.3,11.5,278484,Texas,944.2
20.4,3.5,19.1,77.1,16.1,25.6,18.9,156305,Texas,839.3
39.2,10.2,32.0,80.2,13.9,23.2,29.5,378311,Texas,688.2
17.1,3.3,20.7,79.7,15.0,20.5,5.4,659457,Texas,752.8
27.8,6.6,22.5,76.2,20.0,25.1,16.9,2305454,Texas,878.3
22.2,4.6,23.3,80.1,17.3,17.3,8.3,554642,Texas,856.8
24.4,6.1,23.9,74.8,25.5,21.8,10.9,133474,Texas,976.3
24.4,8.1,23.6,77.4,18.7,19.3,25.7,721598,Texas,787.3
19.5,4.1,15.2,81.1,15.0,22.0,8.4,463650,Texas,773.0
24.9,9.3,28.6,79.0,27.4,28.4,13.7,277563,Texas,988.4
27.9,9.3,24.1,77.0,25.2,28.9,16.4,115649,Texas,1032.7
26.5,5.9,22.6,74.7,18.8,22.2,16.2,3693050,Texas,899.8
19.7,7.0,26.1,78.8,17.4,19.4,12.4,124432,Texas,801.5
33.6,7.1,31.1,78.0,15.7,18.7,31.0,678275,Texas,660.7
35.7,11.1,30.3,75.3,20.5,35.5,18.1,247571,Texas,985.1
27.5,9.1,25.7,78.1,25.0,28.1,10.9,146376,Texas,1011.1
26.7,8.4,25.5,75.6,24.7,32.1,17.6,252284,Texas,918.4
26.0,7.2,26.2,72.9,22.2,29.2,18.0,224668,Texas,895.8
23.1,7.4,24.9,78.3,17.1,22.3,10.4,378033,Texas,933.2
28.6,9.4,30.9,76.8,23.8,28.6,19.6,319704,Texas,896.4
26.5,7.5,23.8,70.8,22.5,18.7,11.0,102801,Texas,985.0
30.6,8.3,17.8,82.0,26.7,24.0,20.8,119852,Texas,1114.5
23.7,7.8,30.7,79.4,22.7,27.1,8.5,110053,Texas,796.0
33.2,9.6,28.1,78.0,21.0,27.7,14.7,190594,Texas,905.4
24.9,6.9,22.6,77.2,21.2,25.2,12.9,1620479,Texas,907.1
22.8,9.9,27.0,79.5,23.0,30.8,16.3,125039,Texas,960.2
19.2,5.8,18.7,73.1,19.6,16.3,13.9,888185,Texas,790.8
29.9,6.8,23.8,78.1,24.3,14.1,27.1,224695,Texas,755.1
28.8,7.7,26.7,84.3,20.6,28.9,15.6,125894,Texas,1016.6
22.3,5.1,22.3,75.8,19.9,19.1,6.9,333457,Texas,700.0
19.3,4.7,26.0,86.7,10.7,27.6,8.4,46440,Utah,811.2
16.5,5.0,18.4,77.2,6.2,15.8,11.4,98055,Utah,675.4
26.3,6.6,22.1,84.2,19.4,29.1,13.5,19437,Utah,927.9
14.8,4.9,19.7,80.2,9.7,18.0,7.4,268187,Utah,775.1
24.9,5.8,24.5,85.8,19.6,27.4,14.3,15354,Utah,1032.9
21.5,5.2,23.6,81.6,19.6,21.7,11.6,10711,Utah,807.8
19.9,7.1,17.6,72.3,22.9,23.9,13.9,8743,Utah,833.9
18.3,5.8,17.8,79.8,15.3,27.9,14.5,38311,Utah,744.5
26.5,6.0,22.9,84.7,12.3,27.1,11.7,12284,Utah,911.2
17.3,5.2,20.1,78.6,13.6,20.2,9.8,948172,Utah,806.3
22.1,5.7,19.3,81.5,8.3,23.4,22.6,14104,Utah,737.7
18.7,6.1,19.4,81.2,10.7,22.9,13.5,24044,Utah,827.1
24.4,4.1,20.4,86.4,15.5,23.7,11.8,19386,Utah,848.8
12.9,2.4,10.2,73.9,8.7,14.3,5.6,35001,Utah,737.3
22.4,7.6,25.2,81.9,16.9,26.5,7.7,51311,Utah,895.8
24.7,7.1,24.5,81.5,20.1,20.1,12.4,26995,Utah,872.3
16.1,4.7,18.5,79.3,6.3,15.7,11.2,443738,Utah,748.9
17.0,3.5,18.1,75.9,9.3,22.9,6.3,18974,Utah,851.4
17.3,5.4,19.3,75.3,9.9,21.7,11.4,118885,Utah,631.8
20.1,5.7,21.8,81.3,14.6,20.0,9.9,210749,Utah,827.9
18.6,5.8,19.7,68.8,19.5,24.8,8.7,36965,Vermont,776.2
21.4,6.9,19.2,71.4,19.5,25.7,10.0,36999,Vermont,784.6
21.8,6.0,21.1,73.2,21.4,25.4,11.3,30440,Vermont,831.1
14.9,4.2,15.8,66.3,17.1,20.0,7.6,149613,Vermont,786.5
26.0,7.3,22.1,73.9,26.2,19.8,12.3,6602,Vermont,856.3
24.1,6.3,22.6,76.1,24.0,23.4,9.5,47914,Vermont,915.2
18.4,4.2,21.3,69.2,15.3,26.9,7.2,7703,Vermont,848.9
18.3,5.8,20.0,64.1,19.7,21.2,8.8,24495,Vermont,795.4
21.4,5.5,19.9,69.0,20.6,23.2,9.2,29287,Vermont,794.6
24.6,7.5,21.5,72.4,22.9,26.2,13.2,27640,Vermont,836.7
21.4,6.3,21.6,74.2,22.8,24.1,10.3,63743,Vermont,805.4
18.5,6.0,19.3,69.7,20.9,22.0,8.4,59478,Vermont,775.9
18.7,4.8,18.6,66.5,19.9,23.6,9.7,44143,Vermont,811.2
18.7,5.1,18.4,68.3,19.5,22.9,8.7,58028,Vermont,741.1
33.3,12.7,26.0,76.2,21.3,28.5,15.4,39424,Virginia,974.8
18.3,4.4,16.5,64.9,17.1,24.2,7.6,90717,Virginia,734.1
12.2,5.2,13.6,66.6,15.4,17.1,7.4,195965,Virginia,639.4
23.5,5.0,27.5,74.2,21.2,24.4,7.7,69725,Virginia,786.1
22.0,9.8,27.6,75.2,24.3,26.6,8.0,65286,Virginia,792.5
19.3,5.5,24.8,72.0,18.1,25.5,6.7,288876,Virginia,878.4
30.4,8.3,24.2,79.4,20.8,29.6,9.2,42530,Virginia,968.4
34.8,11.6,33.4,83.5,32.5,32.2,10.4,25391,Virginia,938.2
14.6,3.6,15.1,71.5,14.7,19.4,5.8,1006529,Virginia,633.3
22.2,7.5,22.2,67.8,21.4,32.6,5.8,64997,Virginia,850.0
20.9,7.5,29.2,83.5,31.2,25.0,11.5,50345,Virginia,835.2
19.4,8.6,21.2,70.9,23.5,20.7,6.7,69123,Virginia,793.9
31.8,11.7,32.0,77.7,21.5,42.4,16.3,36284,Virginia,995.1
18.0,5.8,21.7,72.8,25.1,23.1,5.3,97426,Virginia,847.7
22.2,5.7,22.7,72.1,17.0,24.0,7.9,280581,Virginia,849.5
29.7,8.9,22.6,83.9,29.1,27.3,13.5,56501,Virginia,918.4
22.5,6.3,28.1,77.8,17.4,22.4,9.3,33417,Virginia,954.7
11.5,2.7,17.5,76.4,13.4,14.6,3.7,255518,Virginia,745.1
32.6,7.4,26.4,84.4,24.3,27.3,15.3,32529,Virginia,1000.8
16.9,4.6,23.6,77.0,17.9,17.1,15.1,84303,Virginia,874.7
32.0,10.6,30.9,80.1,27.3,32.2,12.4,61854,Virginia,903.9
21.9,7.3,23.5,71.8,20.6,24.0,6.1,348588,Virginia,803.3
40.2,8.3,31.9,80.4,32.5,34.9,13.0,35081,Virginia,1000.0
20.3,9.4,19.2,70.3,13.2,30.9,6.9,88172,Virginia,815.4
26.5,4.1,20.9,72.1,21.5,24.2,9.0,71251,Virginia,760.4
29.9,7.7,29.8,76.9,28.6,36.3,16.7,28949,Virginia,1043.7
22.7,6.3,21.3,73.7,21.8,21.8,6.0,116549,Virginia,862.3
21.9,4.8,23.3,78.7,19.2,23.3,5.0,117874,Virginia,865.2
30.9,8.9,25.9,79.2,26.3,34.5,15.5,44795,Virginia,1055.3
30.2,8.9,24.1,77.8,24.1,27.7,12.2,52085,Virginia,901.5
32.8,14.6,31.4,79.5,28.3,34.2,19.4,41997,Virginia,1076.8
18.6,7.6,15.9,67.6,18.6,18.4,8.8,135337,Virginia,691.0
21.0,5.5,22.7,78.5,22.1,22.1,9.1,218968,Virginia,916.5
36.8,13.8,29.3,75.0,26.6,31.1,19.3,46143,Virginia,1096.3
24.5,6.9,23.8,75.6,21.5,24.6,13.1,145579,Virginia,913.2
19.7,9.2,24.0,73.4,27.6,28.3,17.5,66973,Virginia,953.8
21.5,8.5,26.0,75.4,28.5,24.7,14.0,179899,Virginia,931.7
23.0,6.6,24.9,75.1,21.0,26.5,19.8,231954,Virginia,1032.2
31.8,9.7,37.4,80.2,26.0,31.6,18.5,32604,Virginia,1258.0
31.0,12.0,30.7,78.0,22.4,27.1,16.5,100169,Virginia,1024.7
26.0,8.2,24.8,69.6,26.0,26.6,20.2,193777,Virginia,1107.4
30.1,8.7,21.0,77.8,29.4,28.1,16.9,92631,Virginia,1046.6
25.8,6.9,26.1,80.4,17.7,27.0,11.4,78994,Virginia,1061.8
19.8,5.1,19.5,75.3,21.5,20.6,8.0,438415,Virginia,812.7
25.6,13.0,24.4,78.2,24.6,34.2,14.5,21178,Washington,811.2
18.8,6.7,22.9,78.9,19.4,23.8,10.1,157950,Washington,789.6
21.4,6.2,21.1,77.7,18.7,27.6,12.6,69791,Washington,745.3
21.0,6.3,22.4,73.0,20.4,27.8,11.9,69689,Washington,769.1
16.4,5.9,24.8,76.2,20.2,24.1,10.5,403766,Washington,803.5
19.5,8.0,29.4,73.4,23.4,28.0,13.7,97325,Washington,916.6
19.3,5.1,20.1,79.6,21.2,24.5,11.9,34977,Washington,740.3
22.8,4.8,21.8,81.7,15.0,17.9,15.3,63011,Washington,840.9
23.2,7.2,26.0,79.7,19.4,30.2,15.8,81229,Washington,791.1
22.6,11.3,29.1,80.9,26.6,33.8,15.0,70900,Washington,989.5
13.5,5.2,22.9,69.4,21.0,21.6,8.3,79252,Washington,715.0
12.2,6.1,16.8,70.7,17.8,29.8,11.0,28666,Washington,691.9
14.1,5.2,16.8,73.8,16.0,21.2,9.4,1793583,Washington,712.2
14.7,7.5,24.6,72.9,21.1,25.2,9.2,240661,Washington,825.2
12.6,5.8,19.6,72.7,16.6,19.3,13.4,36841,Washington,756.3
21.6,5.6,27.2,77.5,23.0,24.2,13.5,72449,Washington,897.3
22.6,10.1,26.0,75.0,25.6,33.9,11.9,54359,Washington,853.9
24.0,7.7,19.8,69.1,22.0,22.4,18.7,39782,Washington,853.8
22.7,8.0,34.9,74.3,27.4,39.2,13.7,21579,Washington,891.2
23.7,8.8,21.3,86.5,23.1,32.2,15.0,12673,Washington,917.9
17.7,7.2,23.9,77.1,22.5,24.7,10.7,753787,Washington,879.8
15.2,6.6,23.3,75.3,19.0,28.2,11.5,113171,Washington,794.2
19.8,4.1,19.7,81.3,19.1,20.2,10.9,10664,Washington,812.5
17.1,5.5,22.2,78.8,21.7,23.0,9.4,655944,Washington,806.5
18.4,6.5,21.4,76.3,22.3,24.3,12.8,440706,Washington,823.5
25.1,6.9,26.6,74.8,27.6,33.3,14.6,42013,Washington,865.7
14.6,6.3,23.7,73.8,21.1,25.9,9.0,228867,Washington,783.0
15.8,6.7,18.9,79.7,14.8,26.9,14.0,57558,Washington,769.5
15.3,4.6,18.0,74.0,17.9,26.3,13.0,183471,Washington,747.4
13.0,4.3,15.8,75.5,14.7,15.6,15.8,40170,Washington,707.7
23.8,7.9,26.2,79.1,20.1,27.0,17.9,231586,Washington,824.3
30.8,8.0,28.5,81.9,30.4,25.1,11.6,93394,West Virginia,980.6
37.3,13.4,32.2,84.2,31.8,41.9,18.4,25703,West Virginia,1128.4
32.8,11.2,28.7,82.3,29.6,26.7,11.7,24515,West Virginia,947.0
22.5,9.8,25.9,80.9,23.8,30.4,17.6,94031,West Virginia,1027.1
32.2,10.5,30.4,79.0,28.1,31.9,20.2,46823,West Virginia,1052.8
33.1,11.4,28.6,78.6,27.0,34.5,16.1,35027,West Virginia,954.0
21.1,9.5,27.1,71.4,21.6,31.2,14.1,22025,West Virginia,928.6
28.6,7.8,26.4,84.8,28.9,20.8,10.8,31350,West Virginia,979.5
27.0,9.5,26.6,80.6,27.0,32.4,16.7,68369,West Virginia,1021.6
28.9,8.4,27.8,79.2,29.8,30.4,14.9,28403,West Virginia,973.2
22.5,10.4,27.0,76.1,29.5,28.8,9.3,49206,West Virginia,1002.4
26.9,10.3,27.5,77.4,25.7,33.2,15.2,193559,West Virginia,1016.4
30.5,11.0,32.4,85.2,38.9,28.6,21.4,22374,West Virginia,1138.6
34.3,12.5,38.7,82.9,31.9,41.7,21.0,36237,West Virginia,1235.9
39.0,15.5,31.0,80.6,31.5,44.9,32.4,24273,West Virginia,1254.9
28.4,6.5,25.7,76.9,23.9,31.0,16.2,56509,West Virginia,971.2
24.3,9.5,22.7,81.6,30.3,28.7,14.9,34337,West Virginia,892.3
29.0,12.1,31.1,77.9,30.4,29.7,17.2,25761,West Virginia,1032.0
29.3,12.6,23.1,78.8,26.1,35.7,18.8,61589,West Virginia,1030.1
24.3,6.1,27.0,82.3,26.9,32.5,13.9,27028,West Virginia,976.7
42.7,12.8,35.4,85.9,35.3,41.0,24.7,27210,West Virginia,1242.6
18.3,7.9,24.2,76.9,19.4,23.1,15.3,84386,West Virginia,900.4
33.9,9.9,26.7,79.6,25.8,37.3,19.2,26464,West Virginia,1000.6
22.1,10.4,23.4,84.4,27.4,28.7,14.6,45112,West Virginia,945.3
25.9,7.7,29.6,79.3,26.2,27.9,16.1,30115,West Virginia,1026.6
25.9,9.5,23.7,83.5,23.2,32.8,9.7,54443,West Virginia,954.2
30.4,11.4,26.1,80.7,26.3,36.8,18.0,79167,West Virginia,1016.1
32.5,8.2,26.5,73.5,28.4,36.4,17.4,28571,West Virginia,1025.5
28.0,10.7,26.2,82.7,29.7,25.8,18.8,23712,West Virginia,966.3
32.6,9.1,31.1,83.4,27.7,38.6,17.3,42091,West Virginia,1000.8
25.9,9.8,25.0,77.7,26.3,32.6,14.0,87047,West Virginia,960.0
38.2,10.5,26.9,85.1,35.3,40.2,21.6,24479,West Virginia,1102.7
28.2,5.7,23.6,79.0,25.9,23.5,9.2,45834,Wisconsin,798.7
18.7,6.2,20.7,78.1,24.1,23.9,8.1,238987,Wisconsin,738.4
14.5,8.6,22.7,75.4,17.0,21.6,4.8,44137,Wisconsin,691.2
19.2,5.6,20.6,75.9,23.0,27.0,9.0,59950,Wisconsin,804.7
28.2,2.2,24.4,75.9,22.7,16.5,10.1,34098,Wisconsin,728.0
23.3,5.0,23.6,82.2,23.8,23.4,6.2,55364,Wisconsin,838.1
13.3,4.2,18.6,75.1,18.2,21.0,7.9,458106,Wisconsin,729.3
20.3,6.0,27.7,77.2,20.3,22.4,6.7,88103,Wisconsin,872.0
19.4,8.2,25.8,85.7,28.1,24.1,11.3,44208,Wisconsin,883.2
13.1,4.6,21.8,73.7,21.6,22.3,9.6,94089,Wisconsin,718.8
19.2,7.5,25.4,80.1,20.1,31.3,6.9,99337,Wisconsin,770.8
26.0,9.1,30.3,83.4,26.6,31.8,9.5,49671,Wisconsin,804.7
20.0,6.2,23.2,81.7,20.6,18.6,6.7,35165,Wisconsin,792.9
20.3,4.9,25.5,82.0,24.7,23.4,5.7,79328,Wisconsin,759.8
19.4,4.7,26.8,79.2,29.9,25.6,8.8,160544,Wisconsin,857.8
15.9,4.9,21.5,78.2,27.0,19.8,9.7,108958,Wisconsin,803.5
23.1,6.9,27.2,78.2,25.1,31.6,7.0,81949,Wisconsin,785.5
18.7,5.6,24.4,75.6,17.9,22.6,7.2,128941,Wisconsin,693.0
21.9,10.4,29.2,81.0,30.8,26.1,8.9,43406,Wisconsin,843.8
23.1,6.4,21.8,77.5,25.7,24.2,16.2,921654,Wisconsin,913.4
21.3,7.4,27.0,72.2,35.5,25.6,10.2,42644,Wisconsin,879.4
14.6,5.4,23.5,80.6,19.2,21.6,5.6,171006,Wisconsin,714.3
14.3,3.5,17.1,69.9,16.5,27.1,3.6,86072,Wisconsin,696.8
18.2,10.0,20.3,85.3,18.8,14.7,6.4,39102,Wisconsin,782.9
15.1,4.1,21.3,83.8,19.0,13.5,8.4,67585,Wisconsin,705.0
20.4,7.1,22.1,78.2,25.9,26.7,9.3,195708,Wisconsin,796.9
23.3,7.5,24.4,79.5,26.4,19.5,8.3,157538,Wisconsin,819.6
13.6,4.5,25.7,81.1,20.7,17.6,4.2,77144,Wisconsin,805.1
28.4,7.3,28.4,75.7,22.6,22.9,7.6,57746,Wisconsin,763.9
23.9,7.1,24.8,80.9,20.5,31.4,8.2,41335,Wisconsin,836.2
18.0,5.0,21.7,79.6,25.4,23.8,6.6,114610,Wisconsin,782.1
24.6,2.9,21.9,87.1,20.4,14.3,10.9,29055,Wisconsin,809.8
17.7,5.2,23.3,78.3,21.4,26.9,8.0,99844,Wisconsin,811.7
17.8,3.3,19.2,78.1,17.9,21.5,4.6,126158,Wisconsin,739.5
16.6,5.2,17.6,73.4,16.8,22.9,4.1,378971,Wisconsin,740.8
24.3,5.6,26.3,83.2,25.5,28.9,7.4,52563,Wisconsin,941.8
19.4,8.7,23.3,83.4,19.7,24.2,7.5,159482,Wisconsin,766.7
22.6,7.5,25.6,75.7,19.7,27.5,7.8,75234,Wisconsin,699.7
15.0,4.1,16.4,71.7,15.5,17.6,14.4,30890,Wyoming,840.2
23.7,6.5,21.0,80.6,21.1,31.1,13.2,11333,Wyoming,886.0
24.2,4.2,23.9,82.0,26.5,19.1,7.9,37405,Wyoming,956.6
24.6,6.2,25.2,80.6,25.6,31.6,12.2,15331,Wyoming,947.5
21.4,6.3,21.7,80.4,25.5,25.0,10.5,12766,Wyoming,894.4
25.1,5.4,21.9,82.6,24.3,22.5,8.5,6182,Wyoming,762.6
21.3,6.9,21.4,76.6,21.6,23.0,12.9,36491,Wyoming,1002.0
25.1,7.4,24.0,77.5,21.0,29.7,14.6,12243,Wyoming,770.5
24.4,7.3,28.8,74.4,19.9,30.9,11.6,4537,Wyoming,850.2
20.5,6.0,18.5,76.3,15.8,19.8,9.6,7721,Wyoming,787.2
20.8,6.1,20.2,78.7,24.9,21.4,9.9,85163,Wyoming,864.9
18.9,4.4,21.2,72.7,16.1,23.7,9.5,15999,Wyoming,796.2
22.5,6.4,20.5,80.7,27.8,23.1,12.1,69799,Wyoming,909.0
25.1,4.8,21.6,75.4,22.3,26.6,14.1,2286,Wyoming,919.1
20.3,5.3,18.2,78.8,17.8,22.8,11.7,26664,Wyoming,762.8
22.8,6.3,22.3,82.2,20.8,30.1,11.5,8619,Wyoming,916.3
20.2,6.9,19.4,77.5,22.6,26.2,11.5,27389,Wyoming,872.4
22.6,5.0,20.7,81.9,15.2,24.3,7.7,6926,Wyoming,883.9
21.9,5.3,23.6,80.7,27.4,22.7,8.6,37975,Wyoming,914.8
9.6,2.4,9.0,68.8,13.7,18.9,5.6,19032,Wyoming,717.6
23.4,4.8,22.7,83.1,21.6,22.5,10.6,19939,Wyoming,887.3
23.2,9.4,21.1,78.1,19.7,27.8,11.1,7933,Wyoming,867.5
31.3,5.7,24.2,75.4,24.4,26.7,9.9,6671,Wyoming,816.9
